"last_name","first_name","birthday","gender","type","state","district","bioguide_id","opensecrets_id","govtrack_id","icpsr_id","birthYear","seniority_113","seniority_114","seniority_115","seniority_116","seniority_117","nominate_dim1","nominate_dim2"
"Emerson","Jo Ann",1950-09-16,"F","rep","MO",8,"E000172","N00005090",400121,29736,1950,10,10,10,10,10,0.269,0.274
"Bonner","Jo",1959-11-19,"M","rep","AL",1,"B001244","N00025330",400038,20300,1959,6,6,6,6,6,0.367,0.513
"Alexander","Rodney",1946-12-05,"M","rep","LA",5,"A000361","N00025464",400006,90327,1946,6,6,6,6,6,0.331,0.408
"Young","C.",1930-12-16,"M","rep","FL",13,"Y000031","N00001817",400439,13047,1930,14,14,14,14,14,0.325,-0.112
"Watt","Melvin",1945-08-26,"M","rep","NC",12,"W000207","N00002328",400424,29383,1945,11,11,11,11,11,-0.526,-0.155
"Radel","Trey",1976-04-20,"M","rep","FL",19,"R000596","N00034017",412528,21320,1976,1,1,1,1,1,0.702,-0.25
"Andrews","Robert",1957-08-04,"M","rep","NJ",1,"A000210","N00000826",400008,29132,1957,13,13,13,13,13,-0.297,-0.119
"Cantor","Eric",1963-06-06,"M","rep","VA",7,"C001046","N00013131",400060,20144,1963,7,7,7,7,7,0.518,0.191
"Bachmann","Michele",1956-04-06,"F","rep","MN",6,"B001256","N00027493",412216,20728,1956,4,4,4,4,4,0.584,-0.03
"Bachus","Spencer",1947-12-28,"M","rep","AL",6,"B000013","N00008091",400010,29301,1947,11,11,11,11,11,0.387,0.228
"Barrow","John",1955-10-31,"M","rep","GA",12,"B001252","N00026080",400628,20507,1955,5,5,5,5,5,-0.119,0.46
"Bishop","Timothy",1950-06-01,"M","rep","NY",1,"B001242","N00025413",400031,20338,1950,6,6,6,6,6,-0.338,-0.05
"Braley","Bruce",1957-10-30,"M","rep","IA",1,"B001259","N00027464",412208,20719,1957,4,4,4,4,4,-0.31,-0.205
"Broun","Paul",1946-05-14,"M","rep","GA",10,"B001262","N00028986",412252,20753,1946,4,4,4,4,4,0.913,-0.408
"Camp","Dave",1953-07-09,"M","rep","MI",4,"C000071","N00008086",400058,29124,1953,12,12,12,12,12,0.385,-0.048
"Campbell","John",1955-07-19,"M","rep","CA",45,"C001064","N00027565",412011,20539,1955,5,5,5,5,5,0.748,-0.415
"Dingell","John",1926-07-08,"M","rep","MI",12,"D000355","N00001783",400110,2605,1926,14,14,14,14,14,-0.448,0.313
"Gerlach","Jim",1955-02-25,"M","rep","PA",6,"G000549","N00025025",400147,20345,1955,6,6,6,6,6,0.221,-0.107
"Gingrey","Phil",1942-07-10,"M","rep","GA",11,"G000550","N00024760",400151,20319,1942,6,6,6,6,6,0.561,0.272
"Griffin","Tim",1968-08-21,"M","rep","AR",2,"G000567","N00031297",412401,21107,1968,2,2,2,2,2,0.41,0.421
"Hall","Ralph",1923-05-03,"M","rep","TX",4,"H000067","N00005645",400165,14828,1923,14,14,14,14,14,0.424,0.308
"Hastings","Doc",1941-02-07,"M","rep","WA",4,"H000329","N00009157",400171,29580,1941,10,10,10,10,10,0.416,0.411
"Holt","Rush",1948-10-15,"M","rep","NJ",12,"H001032","N00000860",400184,29923,1948,8,8,8,8,8,-0.463,-0.33
"Kingston","Jack",1955-04-24,"M","rep","GA",1,"K000220","N00002656",400221,29338,1955,11,11,11,11,11,0.54,0.302
"Latham","Tom",1948-07-14,"M","rep","IA",3,"L000111","N00004227",400234,29522,1948,10,10,10,10,10,0.302,0.308
"Matheson","Jim",1960-03-21,"M","rep","UT",4,"M001142","N00009753",400255,20140,1960,7,7,7,7,7,-0.115,0.546
"McCarthy","Carolyn",1944-01-05,"F","rep","NY",4,"M000309","N00001148",400257,29744,1944,9,9,9,9,9,-0.294,-0.04
"McIntyre","Mike",1956-08-06,"M","rep","NC",7,"M000485","N00002356",400266,29746,1956,9,9,9,9,9,-0.148,0.56
"McKeon","Howard",1938-09-09,"M","rep","CA",25,"M000508","N00006882",400267,29315,1938,11,11,11,11,11,0.396,0.208
"Michaud","Michael",1955-01-18,"M","rep","ME",2,"M001149","N00024770",400274,20328,1955,6,6,6,6,6,-0.283,-0.071
"Miller","Gary",1948-10-16,"M","rep","CA",31,"M001139","N00006954",400277,29905,1948,8,8,8,8,8,0.478,0.222
"Miller","George",1945-05-17,"M","rep","CA",11,"M000725","N00007390",400278,14256,1945,14,14,14,14,14,-0.552,-0.398
"Moran","James",1945-05-16,"M","rep","VA",8,"M000933","N00002083",400283,29149,1945,12,12,12,12,12,-0.302,-0.203
"Owens","William",1949-01-20,"M","rep","NY",21,"O000169","N00031011",412383,20957,1949,3,3,3,3,3,-0.182,0.409
"Pastor","Ed",1943-06-28,"M","rep","AZ",7,"P000099","N00006397",400310,29101,1943,12,12,12,12,12,-0.421,0.12
"Petri","Thomas",1940-05-28,"M","rep","WI",6,"P000265","N00004426",400318,14675,1940,14,14,14,14,14,0.379,-0.367
"Rahall","Nick",1949-05-20,"M","rep","WV",3,"R000011","N00002198",400331,14448,1949,14,14,14,14,14,-0.306,0.45
"Rogers","Mike",1963-06-02,"M","rep","MI",8,"R000572","N00009668",400342,20120,1963,7,7,7,7,7,0.4,0.098
"Runyan","Jon",1973-11-27,"M","rep","NJ",3,"R000594","N00031988",412449,21153,1973,2,2,2,2,2,0.222,0.089
"Schwartz","Allyson",1948-10-03,"F","rep","PA",13,"S001162","N00001579",400647,20525,1948,5,5,5,5,5,-0.343,-0.008
"Southerland","Steve",1965-10-10,"M","rep","FL",2,"S001186","N00031204",412408,21114,1965,2,2,2,2,2,0.56,0.063
"Terry","Lee",1962-01-29,"M","rep","NE",2,"T000459","N00005321",400400,29921,1962,8,8,8,8,8,0.426,-0.067
"Tierney","John",1951-09-18,"M","rep","MA",6,"T000266","N00000226",400407,29730,1951,9,9,9,9,9,-0.488,-0.433
"Waxman","Henry",1939-09-12,"M","rep","CA",33,"W000215","N00001861",400425,14280,1939,14,14,14,14,14,-0.473,-0.343
"Wolf","Frank",1939-01-30,"M","rep","VA",10,"W000672","N00002073",400435,14869,1939,14,14,14,14,14,0.284,-0.213
"Barber","Ron",1945-08-25,"M","rep","AZ",2,"B001279","N00033981",412502,21199,1945,2,2,2,2,2,-0.123,0.001
"Stockman","Steve",1956-11-14,"M","rep","TX",36,"S000937","N00005918",410396,29570,1956,2,2,2,2,2,0.899,-0.438
"Maffei","Daniel",1968-07-04,"M","rep","NY",24,"M001171","N00027891",412297,20935,1968,2,2,2,2,2,-0.19,-0.062
"Negrete McLeod","Gloria",1941-09-06,"F","rep","CA",35,"N000187","N00033509",412518,21310,1941,1,1,1,1,1,-0.437,0.035
"Garcia","Joe",1963-10-19,"M","rep","FL",26,"G000573","N00029908",412530,21322,1963,1,1,1,1,1,-0.204,0.032
"Enyart","William",1949-09-22,"M","rep","IL",12,"E000292","N00034884",412535,21327,1949,1,1,1,1,1,-0.251,0.159
"Bentivolio","Kerry",1951-10-06,"M","rep","MI",11,"B001280","N00033625",412547,21336,1951,1,1,1,1,1,0.723,-0.319
"Gallego","Pete",1961-12-02,"M","rep","TX",23,"G000572","N00033541",412577,21363,1961,1,1,1,1,1,-0.216,0.378
"McAllister","Vance",1974-01-07,"M","rep","LA",5,"M001192","N00035593",412599,NA,1974,1,1,1,1,1,0.393,0.399
"Grimm","Michael",1970-02-07,"M","rep","NY",11,"G000569","N00031401",412451,21154,1970,2,2,2,2,2,0.219,0.136
"Coble","Howard",1931-03-18,"M","rep","NC",6,"C000556","N00002247",400076,15092,1931,14,14,14,14,14,0.52,-0.081
"Nunnelee","Alan",1958-10-09,"M","rep","MS",1,"N000186","N00031006",412442,21147,1958,2,3,3,3,3,0.488,0.574
"Schock","Aaron",1981-05-28,"M","rep","IL",18,"S001179","N00029273",412314,20914,1981,3,4,4,4,4,0.311,0.185
"Boehner","John",1949-11-17,"M","rep","OH",8,"B000589","N00003675",400036,29137,1949,12,13,13,13,13,0.513,0.04
"Fattah","Chaka",1956-11-21,"M","rep","PA",2,"F000043","N00001746",400130,29559,1956,10,11,11,11,11,-0.472,-0.054
"Whitfield","Ed",1943-05-25,"M","rep","KY",1,"W000413","N00003467",400431,29525,1943,10,11,11,11,11,0.303,0.182
"Hahn","Janice",1952-03-30,"F","rep","CA",44,"H001063","N00006806",412498,21195,1952,2,3,3,3,3,-0.39,-0.376
"Miller","Candice",1954-05-07,"F","rep","MI",10,"M001150","N00009795",400276,20331,1954,6,7,7,7,7,0.343,-0.001
"Benishek","Dan",1952-04-20,"M","rep","MI",1,"B001271","N00031934",412436,21141,1952,2,3,3,3,3,0.491,-0.15
"Boustany","Charles",1956-02-21,"M","rep","LA",3,"B001255","N00026595",400636,20514,1956,5,6,6,6,6,0.392,0.308
"Brown","Corrine",1946-11-11,"F","rep","FL",5,"B000911","N00002713",400048,29328,1946,11,12,12,12,12,-0.429,0.192
"Capps","Lois",1938-01-10,"F","rep","CA",24,"C001036","N00007232",400062,29774,1938,9,10,10,10,10,-0.389,-0.227
"Carney","John",1956-05-20,"M","rep","DE",0,"C001083","N00030736",412407,21113,1956,2,3,3,3,3,-0.256,-0.142
"Crenshaw","Ander",1944-09-01,"M","rep","FL",4,"C001045","N00012739",400086,20111,1944,7,8,8,8,8,0.333,0.337
"Edwards","Donna",1958-06-28,"F","rep","MD",4,"E000290","N00028249",412263,20763,1958,4,5,5,5,5,-0.562,-0.294
"Ellmers","Renee",1964-02-09,"F","rep","NC",2,"E000291","N00031513",412457,21159,1964,2,3,3,3,3,0.406,0.338
"Farr","Sam",1941-07-04,"M","rep","CA",20,"F000030","N00007312",400129,29313,1941,11,12,12,12,12,-0.455,-0.219
"Fincher","Stephen",1973-02-07,"M","rep","TN",8,"F000458","N00031141",412479,21181,1973,2,3,3,3,3,0.526,0.181
"Fitzpatrick","Michael",1963-06-28,"M","rep","PA",8,"F000451","N00027229",400646,20524,1963,3,4,4,4,4,0.202,-0.186
"Fleming","John",1951-07-05,"M","rep","LA",4,"F000456","N00029679",412275,20918,1951,3,4,4,4,4,0.59,0.022
"Forbes","J.",1952-02-17,"M","rep","VA",4,"F000445","N00013799",400137,20143,1952,7,8,8,8,8,0.407,0.218
"Garrett","Scott",1959-07-09,"M","rep","NJ",5,"G000548","N00000743",400145,20336,1959,6,7,7,7,7,0.688,-0.243
"Gibson","Christopher",1964-05-13,"M","rep","NY",19,"G000564","N00031998",412453,21156,1964,2,3,3,3,3,0.203,-0.455
"Hanna","Richard",1951-01-25,"M","rep","NY",22,"H001051","N00030197",412454,21157,1951,2,3,3,3,3,0.215,-0.145
"Heck","Joseph",1961-10-30,"M","rep","NV",3,"H001055","N00031244",412446,21151,1961,2,3,3,3,3,0.324,0.014
"Hinojosa","Rubén",1940-08-20,"M","rep","TX",15,"H000636","N00006008",400179,29763,1940,9,10,10,10,10,-0.34,0.235
"Honda","Michael",1941-06-27,"M","rep","CA",17,"H001034","N00012611",400185,20103,1941,7,8,8,8,8,-0.529,-0.482
"Huelskamp","Tim",1968-11-11,"M","rep","KS",1,"H001057","N00027649",412429,21134,1968,2,3,3,3,3,0.744,-0.466
"Hurt","Robert",1969-06-16,"M","rep","VA",5,"H001060","N00031265",412484,21186,1969,2,3,3,3,3,0.568,0
"Israel","Steve",1958-05-30,"M","rep","NY",3,"I000057","N00013345",400195,20129,1958,7,8,8,8,8,-0.334,-0.051
"Kline","John",1947-09-06,"M","rep","MN",2,"K000363","N00004436",400224,20333,1947,6,7,7,7,7,0.49,0.154
"McDermott","Jim",1936-12-28,"M","rep","WA",7,"M000404","N00009829",400262,15613,1936,13,14,14,14,14,-0.666,-0.197
"Mica","John",1943-01-27,"M","rep","FL",7,"M000689","N00002793",400273,29331,1943,11,12,12,12,12,0.453,0.137
"Miller","Jeff",1959-06-27,"M","rep","FL",1,"M001144","N00013846",400279,20110,1959,7,8,8,8,8,0.633,0.155
"Neugebauer","Randy",1949-12-24,"M","rep","TX",19,"N000182","N00026043",400441,20353,1949,6,7,7,7,7,0.628,0.322
"Nugent","Richard",1951-05-26,"M","rep","FL",11,"N000185","N00032441",412409,21115,1951,2,3,3,3,3,0.483,0.077
"Pitts","Joseph",1939-10-10,"M","rep","PA",16,"P000373","N00001633",400320,29752,1939,9,10,10,10,10,0.538,0.012
"Rangel","Charles",1930-06-11,"M","rep","NY",13,"R000053","N00000964",400333,13035,1930,14,15,15,15,15,-0.514,-0.341
"Ribble","Reid",1956-04-05,"M","rep","WI",8,"R000587","N00030968",412489,21190,1956,2,3,3,3,3,0.603,-0.333
"Rigell","Edward",1960-05-28,"M","rep","VA",2,"R000589","N00030962",412483,21185,1960,2,3,3,3,3,0.405,-0.084
"Sanchez","Loretta",1960-01-07,"F","rep","CA",46,"S000030","N00008274",400356,29709,1960,9,10,10,10,10,-0.367,0.025
"Stutzman","Marlin",1976-08-31,"M","rep","IN",3,"S001188","N00030891",412392,21100,1976,3,4,4,4,4,0.742,-0.119
"Westmoreland","Lynn",1950-04-02,"M","rep","GA",3,"W000796","N00026163",400627,20506,1950,5,6,6,6,6,0.672,0.189
"Salmon","Matt",1958-01-21,"M","rep","AZ",5,"S000018","N00006446",400606,29500,1958,4,5,5,5,5,0.673,-0.272
"Grayson","Alan",1958-03-13,"M","rep","FL",9,"G000556","N00028418",412276,20908,1958,2,3,3,3,3,-0.363,-0.457
"Murphy","Patrick",1983-03-30,"M","rep","FL",18,"M001191","N00033091",412527,21319,1983,1,2,2,2,2,-0.186,-0.026
"Jolly","David",1972-10-31,"M","rep","FL",13,"J000296","N00035717",412603,NA,1972,1,2,2,2,2,0.23,0.058
"Clawson","Curtis",1959-09-28,"M","rep","FL",19,"C001102","N00035854",412604,NA,1959,1,2,2,2,2,0.626,-0.509
"Pompeo","Mike",1963-12-30,"M","rep","KS",4,"P000602","N00030744",412431,21136,1963,2,3,4,4,4,0.66,0.164
"Becerra","Xavier",1958-01-26,"M","rep","CA",34,"B000287","N00009774",400021,29316,1958,11,12,13,13,13,-0.512,-0.283
"Price","Tom",1954-10-08,"M","rep","GA",6,"P000591","N00026160",400626,20505,1954,5,6,7,7,7,0.644,-0.073
"Mulvaney","Mick",1967-07-21,"M","rep","SC",5,"M001182","N00031412",412474,21176,1967,2,3,4,4,4,0.75,-0.592
"Chaffetz","Jason",1967-03-26,"M","rep","UT",3,"C001076","N00028958",412270,20949,1967,3,4,5,5,5,0.647,-0.278
"Murphy","Tim",1952-09-11,"M","rep","PA",18,"M001151","N00024992",400285,20346,1952,6,7,8,8,8,0.258,0.198
"Conyers","John",1929-05-16,"M","rep","MI",13,"C000714","N00004029",400080,10713,1929,14,15,16,16,16,-0.658,-0.512
"Franks","Trent",1957-06-19,"M","rep","AZ",8,"F000448","N00006423",400141,20304,1957,6,7,8,8,8,0.749,0.087
"Tiberi","Patrick",1962-10-21,"M","rep","OH",12,"T000462","N00009699",400406,20130,1962,7,8,9,9,9,0.386,-0.026
"Slaughter","Louise",1929-08-14,"F","rep","NY",25,"S000480","N00001311",400378,15444,1929,14,15,16,16,16,-0.465,-0.104
"Farenthold","Blake",1961-12-12,"M","rep","TX",27,"F000460","N00031672",412482,21184,1961,2,3,4,4,4,0.548,0.016
"Meehan","Patrick",1955-10-20,"M","rep","PA",7,"M001181","N00031134",412466,21168,1955,2,3,4,4,4,0.22,0.076
"Bridenstine","Jim",1975-06-15,"M","rep","OK",1,"B001283","N00033532",412567,21354,1975,1,2,3,3,3,0.689,-0.157
"Dent","Charles",1960-05-24,"M","rep","PA",15,"D000604","N00026171",400648,20526,1960,5,6,7,7,7,0.244,-0.085
"DeSantis","Ron",1978-09-14,"M","rep","FL",6,"D000621","N00034746",412526,21318,1978,1,2,3,3,3,0.663,-0.105
"Lujan Grisham","Michelle",1959-10-24,"F","rep","NM",1,"L000580","N00029400",412558,21341,1959,1,2,3,3,3,-0.313,0.047
"Barletta","Lou",1956-01-28,"M","rep","PA",11,"B001269","N00025495",412469,21171,1956,2,3,4,4,4,0.278,0.393
"Barton","Joe",1949-09-15,"M","rep","TX",6,"B000213","N00005656",400018,15085,1949,14,15,16,16,16,0.528,0.047
"Black","Diane",1951-01-16,"F","rep","TN",6,"B001273","N00031539",412478,21180,1951,2,3,4,4,4,0.58,0.219
"Brady","Robert",1945-04-07,"M","rep","PA",1,"B001227","N00001619",400047,29777,1945,9,10,11,11,11,-0.484,0.225
"Capuano","Michael",1952-01-09,"M","rep","MA",7,"C001037","N00000267",400063,29919,1952,8,9,10,10,10,-0.58,-0.082
"Coffman","Mike",1955-03-19,"M","rep","CO",6,"C001077","N00024753",412271,20906,1955,3,4,5,5,5,0.492,-0.213
"Crowley","Joseph",1962-03-16,"M","rep","NY",14,"C001038","N00001127",400087,29925,1962,8,9,10,10,10,-0.412,-0.07
"Culberson","John",1956-08-24,"M","rep","TX",7,"C001048","N00009738",400089,20139,1956,7,8,9,9,9,0.503,0.366
"Denham","Jeff",1967-07-29,"M","rep","CA",10,"D000612","N00031593",412403,21109,1967,2,3,4,4,4,0.306,0.212
"Duncan","John",1947-07-21,"M","rep","TN",2,"D000533","N00003209",400116,15455,1947,14,15,16,16,16,0.604,-0.476
"Ellison","Keith",1963-08-04,"M","rep","MN",5,"E000288","N00028257",412215,20727,1963,4,5,6,6,6,-0.537,-0.58
"Frelinghuysen","Rodney",1946-04-29,"M","rep","NJ",11,"F000372","N00000684",400142,29541,1946,10,11,12,12,12,0.292,-0.262
"Goodlatte","Bob",1952-09-22,"M","rep","VA",6,"G000289","N00009154",400154,39308,1952,11,12,13,13,13,0.496,-0.002
"Gowdy","Trey",1964-08-22,"M","rep","SC",4,"G000566","N00030880",412473,21175,1964,2,3,4,4,4,0.655,-0.002
"Green","Gene",1947-10-17,"M","rep","TX",29,"G000410","N00005870",400160,39304,1947,11,12,13,13,13,-0.324,0.453
"Gutiérrez","Luis",1953-12-10,"M","rep","IL",4,"G000535","N00004874",400163,29348,1953,11,12,13,13,13,-0.487,-0.26
"Harper","Gregg",1956-06-01,"M","rep","MS",3,"H001045","N00029632",412280,20925,1956,3,4,5,5,5,0.384,0.48
"Hensarling","Jeb",1957-05-29,"M","rep","TX",5,"H001036","N00024922",400175,20352,1957,6,7,8,8,8,0.703,0.04
"Hultgren","Randy",1966-03-01,"M","rep","IL",14,"H001059","N00031104",412422,21129,1966,2,3,4,4,4,0.49,-0.034
"Jenkins","Lynn",1963-06-10,"F","rep","KS",2,"J000290","N00029077",412284,20915,1963,3,4,5,5,5,0.523,0.004
"Johnson","Sam",1930-10-11,"M","rep","TX",3,"J000174","N00008028",400206,29143,1930,12,13,14,14,14,0.61,0.277
"Labrador","Raúl",1967-12-08,"M","rep","ID",1,"L000573","N00031377",412419,21125,1967,2,3,4,4,4,0.735,-0.571
"Lance","Leonard",1952-06-25,"M","rep","NJ",7,"L000567","N00000898",412290,20929,1952,3,4,5,5,5,0.329,-0.237
"Levin","Sander",1931-09-06,"M","rep","MI",9,"L000263","N00003950",400238,15033,1931,14,15,16,16,16,-0.379,-0.091
"LoBiondo","Frank",1946-05-12,"M","rep","NJ",2,"L000554","N00000851",400244,29539,1946,10,11,12,12,12,0.211,-0.224
"Noem","Kristi",1971-11-30,"F","rep","SD",0,"N000184","N00032022",412475,21177,1971,2,3,4,4,4,0.398,0.326
"Paulsen","Erik",1965-05-14,"M","rep","MN",3,"P000594","N00029391",412303,20924,1965,3,4,5,5,5,0.402,-0.191
"Pearce","Stevan",1947-08-24,"M","rep","NM",2,"P000588","N00012672",400313,20337,1947,5,6,7,7,7,0.472,0.064
"Poe","Ted",1948-09-10,"M","rep","TX",2,"P000592","N00026457",400652,20528,1948,5,6,7,7,7,0.594,-0.029
"Polis","Jared",1975-05-12,"M","rep","CO",2,"P000598","N00029127",412308,20904,1975,3,4,5,5,5,-0.278,-0.692
"Reichert","David",1950-08-29,"M","rep","WA",8,"R000578","N00026885",400660,20536,1950,5,6,7,7,7,0.224,-0.146
"Renacci","James",1958-12-03,"M","rep","OH",16,"R000586","N00031127",412462,21164,1958,2,3,4,4,4,0.387,0.143
"Rohrabacher","Dana",1947-06-21,"M","rep","CA",48,"R000409","N00007151",400343,15621,1947,13,14,15,15,15,0.626,-0.417
"Rokita","Todd",1970-02-09,"M","rep","IN",4,"R000592","N00031741",412426,21131,1970,2,3,4,4,4,0.602,-0.16
"Rooney","Thomas",1970-11-21,"M","rep","FL",17,"R000583","N00029018",412311,20910,1970,3,4,5,5,5,0.458,0.013
"Ros-Lehtinen","Ileana",1952-07-15,"F","rep","FL",27,"R000435","N00002858",400344,15634,1952,13,14,15,15,15,0.244,-0.225
"Roskam","Peter",1961-09-13,"M","rep","IL",6,"R000580","N00004719",412202,20715,1961,4,5,6,6,6,0.429,0.018
"Ross","Dennis",1959-10-18,"M","rep","FL",15,"R000593","N00030645",412411,21117,1959,2,3,4,4,4,0.531,0.099
"Royce","Edward",1951-10-12,"M","rep","CA",39,"R000487","N00008264",400348,29321,1951,11,12,13,13,13,0.657,-0.353
"Ryan","Paul",1970-01-29,"M","rep","WI",1,"R000570","N00004357",400351,29939,1970,8,9,10,10,10,0.556,-0.25
"Shuster","Bill",1961-01-10,"M","rep","PA",9,"S001154","N00013770",409888,20134,1961,7,8,9,9,9,0.374,0.323
"Smith","Lamar",1947-11-19,"M","rep","TX",21,"S000583","N00001811",400381,15445,1947,14,15,16,16,16,0.425,0.061
"Tsongas","Niki",1946-04-26,"F","rep","MA",3,"T000465","N00029026",412254,20754,1946,4,5,6,6,6,-0.396,-0.199
"Walz","Timothy",1964-04-06,"M","rep","MN",1,"W000799","N00027467",412214,20726,1964,4,5,6,6,6,-0.275,0.131
"Yoder","Kevin",1976-01-08,"M","rep","KS",3,"Y000063","N00031502",412430,21135,1976,2,3,4,4,4,0.558,0.03
"Esty","Elizabeth",1959-08-25,"F","rep","CT",5,"E000293","N00033217",412524,21316,1959,1,2,3,3,3,-0.315,-0.078
"Messer","Luke",1969-02-27,"M","rep","IN",6,"M001189","N00012546",412540,21332,1969,1,2,3,3,3,0.563,-0.086
"Delaney","John",1963-04-16,"M","rep","MD",6,"D000620","N00033897",412544,21334,1963,1,2,3,3,3,-0.276,0.041
"Nolan","Richard",1943-12-17,"M","rep","MN",8,"N000127","N00021207",408211,14263,1943,1,2,3,3,3,-0.372,-0.372
"Pittenger","Robert",1948-08-15,"M","rep","NC",9,"P000606","N00034416",412551,21347,1948,1,2,3,3,3,0.561,0.333
"Rothfus","Keith",1962-04-25,"M","rep","PA",12,"R000598","N00031253",412570,21357,1962,1,2,3,3,3,0.498,0.044
"O’Rourke","Beto",1972-09-26,"M","rep","TX",16,"O000170","N00033540",412575,21361,1972,1,2,3,3,3,-0.304,-0.331
"Sanford","Marshall",1960-05-28,"M","rep","SC",1,"S000051","N00002424",400607,29565,1960,4,5,6,6,6,0.686,-0.728
"Brat","David",1964-07-27,"M","rep","VA",7,"B001290","N00036013",412605,21553,1964,1,2,3,3,3,0.829,-0.325
"Hanabusa","Colleen",1951-05-04,"F","rep","HI",1,"H001050","N00025881",412418,21124,1951,2,3,4,4,4,-0.37,0.004
"Shea-Porter","Carol",1952-12-02,"F","rep","NH",1,"S001170","N00028091",412219,20731,1952,3,3,4,4,4,-0.315,-0.131
"Marino","Tom",1952-08-15,"M","rep","PA",12,"M001179","N00031777",412468,21170,1952,2,3,4,5,5,0.352,0.477
"Jones","Walter",1943-02-10,"M","rep","NC",3,"J000255","N00002299",400209,29546,1943,10,11,12,13,13,0.244,-0.362
"Duffy","Sean",1971-10-03,"M","rep","WI",7,"D000614","N00030967",412488,21189,1971,2,3,4,5,5,0.511,-0.109
"Collins","Chris",1950-05-20,"M","rep","NY",27,"C001092","N00001285",412563,21345,1950,1,2,3,4,4,0.357,0.236
"Cummings","Elijah",1951-01-18,"M","rep","MD",7,"C000984","N00001971",400090,29587,1951,10,11,12,13,13,-0.438,-0.148
"Hunter","Duncan",1976-12-07,"M","rep","CA",50,"H001048","N00029258",412283,20963,1976,3,4,5,6,6,0.539,0.085
"Meadows","Mark",1959-07-28,"M","rep","NC",11,"M001187","N00033631",412552,21348,1959,1,2,3,4,4,0.605,-0.201
"Lewis","John",1940-02-21,"M","rep","GA",5,"L000287","N00002577",400240,15431,1940,14,15,16,17,17,-0.589,-0.221
"Graves","Tom",1970-02-03,"M","rep","GA",14,"G000560","N00030788",412388,20962,1970,3,4,5,6,6,0.716,-0.002
"Cook","Paul",1943-03-03,"M","rep","CA",8,"C001094","N00034224",412513,21305,1943,1,2,3,4,4,0.372,0.208
"Amash","Justin",1980-04-18,"M","rep","MI",3,"A000367","N00031938",412438,21143,1980,2,3,4,5,5,0.654,-0.757
"Bishop","Rob",1951-07-13,"M","rep","UT",1,"B001250","N00025292",400029,20357,1951,6,7,8,9,9,0.537,0.105
"Clay","Wm.",1956-07-27,"M","rep","MO",1,"C001049","N00012460",400074,20147,1956,7,8,9,10,10,-0.481,-0.078
"Conaway","K.",1948-06-11,"M","rep","TX",11,"C001062","N00026041",400655,20531,1948,5,6,7,8,8,0.593,0.367
"Davis","Susan",1944-04-13,"F","rep","CA",53,"D000598","N00009604",400097,20108,1944,7,8,9,10,10,-0.343,-0.103
"Engel","Eliot",1947-02-18,"M","rep","NY",16,"E000179","N00001003",400122,15603,1947,13,14,15,16,16,-0.408,-0.093
"Flores","Bill",1954-02-25,"M","rep","TX",17,"F000461","N00031545",412480,21182,1954,2,3,4,5,5,0.572,0.293
"King","Peter",1944-04-05,"M","rep","NY",2,"K000210","N00001193",400219,29375,1944,11,12,13,14,14,0.259,-0.03
"King","Steve",1949-05-28,"M","rep","IA",4,"K000362","N00025237",400220,20325,1949,6,7,8,9,9,0.613,0.171
"Lipinski","Daniel",1966-07-15,"M","rep","IL",3,"L000563","N00027239",400630,20508,1966,5,6,7,8,8,-0.227,0.176
"Loebsack","David",1952-12-23,"M","rep","IA",2,"L000565","N00027741",412209,20720,1952,4,5,6,7,7,-0.276,-0.027
"Lowey","Nita",1937-07-05,"F","rep","NY",17,"L000480","N00001024",400246,15612,1937,13,14,15,16,16,-0.389,-0.152
"Marchant","Kenny",1951-02-23,"M","rep","TX",24,"M001158","N00026710",400656,20532,1951,5,6,7,8,8,0.6,0.154
"Olson","Pete",1962-12-09,"M","rep","TX",22,"O000168","N00029285",412302,20948,1962,3,4,5,6,6,0.548,0.308
"Peterson","Collin",1944-06-29,"M","rep","MN",7,"P000258","N00004558",400316,29127,1944,12,13,14,15,15,-0.148,0.712
"Roby","Martha",1976-07-27,"F","rep","AL",2,"R000591","N00030768",412394,21192,1976,2,3,4,5,5,0.362,0.658
"Roe","David",1945-07-21,"M","rep","TN",1,"R000582","N00028463",412310,20947,1945,3,4,5,6,6,0.486,0.024
"Sensenbrenner","F.",1943-06-14,"M","rep","WI",5,"S000244","N00004291",400365,14657,1943,14,15,16,17,17,0.638,-0.579
"Serrano","José",1943-10-24,"M","rep","NY",15,"S000248","N00001813",400366,29134,1943,13,14,15,16,16,-0.491,-0.377
"Shimkus","John",1958-02-21,"M","rep","IL",15,"S000364","N00004961",400373,29718,1958,9,10,11,12,12,0.375,0.154
"Thornberry","Mac",1958-07-15,"M","rep","TX",13,"T000238","N00006052",400404,29572,1958,10,11,12,13,13,0.525,0.313
"Tipton","Scott",1956-11-09,"M","rep","CO",3,"T000470","N00027509",412405,21111,1956,2,3,4,5,5,0.451,-0.023
"Visclosky","Peter",1949-08-13,"M","rep","IN",1,"V000108","N00003813",400417,15124,1949,14,15,16,17,17,-0.402,0.244
"Walden","Greg",1957-01-10,"M","rep","OR",2,"W000791","N00007690",400419,29932,1957,8,9,10,11,11,0.333,-0.011
"Woodall","Rob",1970-02-11,"M","rep","GA",7,"W000810","N00032416",412416,21122,1970,2,3,4,5,5,0.593,-0.173
"Yoho","Ted",1955-04-13,"M","rep","FL",3,"Y000065","N00033220",412525,21317,1955,1,2,3,4,4,0.704,-0.365
"Collins","Doug",1966-08-16,"M","rep","GA",9,"C001093","N00033518",412531,21323,1966,1,2,3,4,4,0.61,0.134
"Gabbard","Tulsi",1981-04-12,"F","rep","HI",2,"G000571","N00033281",412532,21324,1981,1,2,3,4,4,-0.274,-0.282
"Brooks","Susan",1960-08-25,"F","rep","IN",5,"B001284","N00033495",412539,21331,1960,1,2,3,4,4,0.352,0.217
"Kennedy","Joseph",1980-10-04,"M","rep","MA",4,"K000379","N00034044",412543,21335,1980,1,2,3,4,4,-0.421,-0.206
"Holding","George",1968-04-17,"M","rep","NC",2,"H001065","N00033399",412553,21349,1968,1,2,3,4,4,0.604,0.165
"Heck","Denny",1952-07-29,"M","rep","WA",10,"H001064","N00031557",412584,21369,1952,1,2,3,4,4,-0.312,-0.128
"Byrne","Bradley",1955-02-16,"M","rep","AL",1,"B001289","N00035380",412601,21376,1955,1,2,3,4,4,0.61,0.25
"Richmond","Cedric",1973-09-13,"M","rep","LA",2,"R000588","N00030184",412432,21137,1973,2,3,4,5,6,-0.486,0.332
"Fudge","Marcia",1952-10-29,"F","rep","OH",11,"F000455","N00030490",412327,20941,1952,4,5,6,7,8,-0.581,0.14
"Hastings","Alcee",1936-09-05,"M","rep","FL",20,"H000324","N00002884",400170,29337,1936,11,12,13,14,15,-0.564,0.157
"Stivers","Steve",1965-03-24,"M","rep","OH",15,"S001187","N00029574",412461,21163,1965,2,3,4,5,6,0.3,0.269
"Nunes","Devin",1973-10-01,"M","rep","CA",22,"N000181","N00007248",400297,20307,1973,6,7,8,9,10,0.45,0.223
"Young","Don",1933-06-09,"M","rep","AK",0,"Y000033","N00007999",400440,14066,1933,14,15,16,17,18,0.283,0.022
"Fortenberry","Jeff",1960-12-27,"M","rep","NE",1,"F000449","N00026631",400640,20518,1960,5,6,7,8,9,0.304,-0.061
"Vela","Filemon",1963-02-13,"M","rep","TX",34,"V000132","N00034349",412580,21366,1963,1,2,3,4,5,-0.311,0.407
"Reed","Tom",1971-11-18,"M","rep","NY",23,"R000585","N00030949",412393,21101,1971,3,4,5,6,7,0.269,0.12
"Walorski","Jackie",1963-08-17,"F","rep","IN",2,"W000813","N00031226",412538,21330,1963,1,2,3,4,5,0.436,0.315
"Deutch","Theodore",1966-05-07,"M","rep","FL",22,"D000610","N00031317",412385,20959,1966,3,4,5,6,7,-0.401,-0.078
"Bass","Karen",1953-10-03,"F","rep","CA",37,"B001270","N00031877",412404,21110,1953,2,3,4,5,6,-0.584,-0.098
"Brady","Kevin",1955-04-11,"M","rep","TX",8,"B000755","N00005883",400046,29760,1955,9,10,11,12,13,0.52,0.239
"Brooks","Mo",1954-04-29,"M","rep","AL",5,"B001274","N00030910",412395,21193,1954,2,3,4,5,6,0.652,-0.417
"Butterfield","George",1947-04-27,"M","rep","NC",1,"B001251","N00027035",400616,20340,1947,6,7,8,9,10,-0.404,0.184
"Chabot","Steve",1953-01-22,"M","rep","OH",1,"C000266","N00003689",400071,29550,1953,9,10,11,12,13,0.542,-0.137
"Cooper","Jim",1954-06-19,"M","rep","TN",5,"C000754","N00003132",400081,15019,1954,10,11,12,13,14,-0.164,-0.033
"DeFazio","Peter",1947-05-27,"M","rep","OR",4,"D000191","N00007781",400100,15410,1947,14,15,16,17,18,-0.427,-0.002
"Doyle","Michael",1953-08-05,"M","rep","PA",18,"D000482","N00001373",400114,29561,1953,10,11,12,13,14,-0.331,0.099
"Gibbs","Bob",1954-06-14,"M","rep","OH",7,"G000563","N00031128",412463,21165,1954,2,3,4,5,6,0.484,0.284
"Gohmert","Louie",1953-08-18,"M","rep","TX",1,"G000552","N00026148",400651,20527,1953,5,6,7,8,9,0.644,-0.406
"Hartzler","Vicky",1960-10-13,"F","rep","MO",4,"H001053","N00031005",412444,21149,1960,2,3,4,5,6,0.478,0.229
"Herrera Beutler","Jaime",1978-11-03,"F","rep","WA",3,"H001056","N00031559",412486,21187,1978,2,3,4,5,6,0.336,-0.129
"Johnson","Eddie",1935-12-03,"F","rep","TX",30,"J000126","N00008122",400204,39305,1934,11,12,13,14,15,-0.485,0.198
"Kind","Ron",1963-03-16,"M","rep","WI",3,"K000188","N00004403",400218,29769,1963,9,10,11,12,13,-0.26,-0.08
"Kinzinger","Adam",1978-02-27,"M","rep","IL",16,"K000378","N00030667",412421,21128,1978,2,3,4,5,6,0.234,0.382
"Langevin","James",1964-04-22,"M","rep","RI",2,"L000559","N00009724",400230,20136,1964,7,8,9,10,11,-0.375,0.114
"Long","Billy",1955-08-11,"M","rep","MO",7,"L000576","N00030676",412445,21150,1955,2,3,4,5,6,0.544,0.244
"Maloney","Carolyn",1946-02-19,"F","rep","NY",12,"M000087","N00000078",400251,29379,1946,11,12,13,14,15,-0.387,-0.285
"McKinley","David",1947-03-28,"M","rep","WV",1,"M001180","N00031681",412487,21188,1947,2,3,4,5,6,0.3,0.178
"McNerney","Jerry",1951-06-18,"M","rep","CA",9,"M001166","N00026926",412189,20702,1951,4,5,6,7,8,-0.263,-0.159
"Palazzo","Steven",1970-02-21,"M","rep","MS",4,"P000601","N00031958",412443,21148,1970,2,3,4,5,6,0.535,0.45
"Perlmutter","Ed",1953-05-01,"M","rep","CO",7,"P000593","N00027510",412192,20705,1953,4,5,6,7,8,-0.282,0.072
"Price","David",1940-08-17,"M","rep","NC",4,"P000523","N00002260",400326,15438,1940,13,14,15,16,17,-0.343,-0.03
"Roybal-Allard","Lucille",1941-06-12,"F","rep","CA",40,"R000486","N00006671",400347,29317,1941,11,12,13,14,15,-0.469,-0.171
"Rush","Bobby",1946-11-23,"M","rep","IL",1,"R000515","N00004887",400350,29346,1946,11,12,13,14,15,-0.479,-0.203
"Ryan","Tim",1973-07-16,"M","rep","OH",13,"R000577","N00025280",400352,20343,1973,6,7,8,9,10,-0.402,0.208
"Schrader","Kurt",1951-10-19,"M","rep","OR",5,"S001180","N00030071",412315,20944,1951,3,4,5,6,7,-0.182,0.054
"Sires","Albio",1951-01-26,"M","rep","NJ",8,"S001165","N00027523",412186,20542,1951,5,6,7,8,9,-0.404,0.098
"Speier","Jackie",1950-05-14,"F","rep","CA",14,"S001175","N00029649",412259,20762,1950,4,5,6,7,8,-0.381,-0.41
"Upton","Fred",1953-04-23,"M","rep","MI",6,"U000031","N00004133",400414,15446,1953,14,15,16,17,18,0.32,-0.355
"Yarmuth","John",1947-11-04,"M","rep","KY",3,"Y000062","N00028073",412211,20723,1947,4,5,6,7,8,-0.378,-0.275
"Lowenthal","Alan",1941-03-08,"M","rep","CA",47,"L000579","N00033274",412521,21313,1941,1,2,3,4,5,-0.449,-0.384
"Davis","Rodney",1970-01-05,"M","rep","IL",13,"D000619","N00034784",412536,21328,1970,1,2,3,4,5,0.279,0.17
"Bustos","Cheri",1961-10-17,"F","rep","IL",17,"B001286","N00033390",412537,21329,1961,1,2,3,4,5,-0.239,0.054
"Maloney","Sean",1966-07-30,"M","rep","NY",18,"M001185","N00034277",412562,21344,1966,1,2,3,4,5,-0.239,0.114
"Rice","Tom",1957-08-04,"M","rep","SC",7,"R000597","N00033832",412572,21359,1957,1,2,3,4,5,0.558,-0.217
"Kirkpatrick","Ann",1950-03-24,"F","rep","AZ",2,"K000368","N00029260",412286,20902,1950,2,3,3,4,5,-0.169,-0.01
"Cicilline","David",1961-07-15,"M","rep","RI",1,"C001084","N00032019",412470,21172,1961,2,3,4,5,6,-0.389,-0.262
"Stewart","Chris",1960-07-15,"M","rep","UT",2,"S001192","N00033932",412581,21367,1960,1,2,3,4,5,0.499,0.167
"McCarthy","Kevin",1965-01-26,"M","rep","CA",20,"M001165","N00028152",412190,20703,1965,4,5,6,7,8,0.453,0.233
"Johnson","Bill",1954-11-10,"M","rep","OH",6,"J000292","N00032088",412460,21162,1954,2,3,4,5,6,0.436,0.235
"Higgins","Brian",1959-10-06,"M","rep","NY",26,"H001038","N00027060",400641,20519,1959,5,6,7,8,9,-0.348,-0.032
"Aderholt","Robert",1965-07-22,"M","rep","AL",4,"A000055","N00003028",400004,29701,1965,9,10,11,12,13,0.403,0.479
"Bilirakis","Gus",1963-02-08,"M","rep","FL",12,"B001257","N00027462",412250,20758,1963,4,5,6,7,8,0.419,-0.017
"Bishop","Sanford",1947-02-04,"M","rep","GA",2,"B000490","N00002674",400030,29339,1947,11,12,13,14,15,-0.285,0.454
"Blumenauer","Earl",1948-08-16,"M","rep","OR",3,"B000574","N00007727",400033,29588,1948,10,11,12,13,14,-0.427,-0.641
"Buchanan","Vern",1951-05-08,"M","rep","FL",16,"B001260","N00027626",412196,20709,1951,4,5,6,7,8,0.362,-0.095
"Bucshon","Larry",1962-05-31,"M","rep","IN",8,"B001275","N00031227",412427,21132,1962,2,3,4,5,6,0.383,0.373
"Burgess","Michael",1950-12-23,"M","rep","TX",26,"B001248","N00025219",400052,20355,1950,6,7,8,9,10,0.567,-0.185
"Calvert","Ken",1953-06-08,"M","rep","CA",41,"C000059","N00007099",400057,29323,1953,11,12,13,14,15,0.341,0.263
"Carson","André",1974-10-16,"M","rep","IN",7,"C001072","N00029513",412258,20757,1974,4,5,6,7,8,-0.43,0.04
"Carter","John",1941-11-06,"M","rep","TX",31,"C001051","N00025095",400068,20356,1941,6,7,8,9,10,0.485,0.565
"Castor","Kathy",1966-08-20,"F","rep","FL",14,"C001066","N00027514",412195,20708,1966,4,5,6,7,8,-0.437,0.06
"Chu","Judy",1953-07-07,"F","rep","CA",28,"C001080","N00030600",412379,20955,1953,3,4,5,6,7,-0.489,-0.379
"Clarke","Yvette",1964-11-21,"F","rep","NY",9,"C001067","N00026961",412221,20733,1964,4,5,6,7,8,-0.609,-0.246
"Cleaver","Emanuel",1944-10-26,"M","rep","MO",5,"C001061","N00026790",400639,20517,1944,5,6,7,8,9,-0.453,0.009
"Clyburn","James",1940-07-21,"M","rep","SC",6,"C000537","N00002408",400075,39301,1940,11,12,13,14,15,-0.465,0.25
"Cohen","Steve",1949-05-24,"M","rep","TN",9,"C001068","N00003225",412236,20748,1949,4,5,6,7,8,-0.392,-0.326
"Cole","Tom",1949-04-28,"M","rep","OK",4,"C001053","N00025726",400077,20344,1949,6,7,8,9,10,0.324,0.4
"Connolly","Gerald",1950-03-30,"M","rep","VA",11,"C001078","N00029891",412272,20952,1950,3,4,5,6,7,-0.307,-0.038
"Costa","Jim",1952-04-13,"M","rep","CA",21,"C001059","N00026341",400618,20501,1952,5,6,7,8,9,-0.196,0.458
"Courtney","Joe",1953-04-06,"M","rep","CT",2,"C001069","N00024842",412193,20706,1953,4,5,6,7,8,-0.34,0.03
"Crawford","Eric",1966-01-22,"M","rep","AR",1,"C001087","N00030770",412400,21106,1966,2,3,4,5,6,0.457,0.32
"Cuellar","Henry",1955-09-19,"M","rep","TX",28,"C001063","N00024978",400657,20533,1955,5,6,7,8,9,-0.227,0.622
"Davis","Danny",1941-09-06,"M","rep","IL",7,"D000096","N00004884",400093,29717,1941,9,10,11,12,13,-0.486,-0.26
"DeGette","Diana",1957-07-29,"F","rep","CO",1,"D000197","N00006134",400101,29710,1957,9,10,11,12,13,-0.431,-0.303
"DeLauro","Rosa",1943-03-02,"F","rep","CT",3,"D000216","N00000615",400103,29109,1943,12,13,14,15,16,-0.414,-0.116
"DesJarlais","Scott",1964-02-21,"M","rep","TN",4,"D000616","N00030957",412477,21179,1964,2,3,4,5,6,0.581,-0.046
"Diaz-Balart","Mario",1961-09-25,"M","rep","FL",26,"D000600","N00025337",400108,20316,1961,6,7,8,9,10,0.284,0.141
"Doggett","Lloyd",1946-10-06,"M","rep","TX",37,"D000399","N00006023",400111,29571,1946,10,11,12,13,14,-0.402,-0.322
"Duncan","Jeff",1966-01-07,"M","rep","SC",3,"D000615","N00030752",412472,21174,1966,2,3,4,5,6,0.701,-0.1
"Eshoo","Anna",1942-12-13,"F","rep","CA",16,"E000215","N00007335",400124,29312,1942,11,12,13,14,15,-0.38,-0.397
"Fleischmann","Charles",1962-10-11,"M","rep","TN",3,"F000459","N00030815",412476,21178,1962,2,3,4,5,6,0.434,0.406
"Foxx","Virginia",1943-06-29,"F","rep","NC",5,"F000450","N00026166",400643,20521,1943,5,6,7,8,9,0.623,0.18
"Garamendi","John",1945-01-24,"M","rep","CA",8,"G000559","N00030856",412382,20958,1945,3,4,5,6,7,-0.309,-0.096
"Gosar","Paul",1958-11-22,"M","rep","AZ",9,"G000565","N00030771",412397,21103,1958,2,3,4,5,6,0.699,-0.499
"Granger","Kay",1943-01-18,"F","rep","TX",12,"G000377","N00008799",400157,29762,1943,9,10,11,12,13,0.404,0.235
"Graves","Sam",1963-11-07,"M","rep","MO",6,"G000546","N00013323",400158,20124,1963,7,8,9,10,11,0.447,0.167
"Green","Al",1947-09-01,"M","rep","TX",9,"G000553","N00026686",400653,20529,1947,5,6,7,8,9,-0.443,0.29
"Griffith","H.",1958-03-15,"M","rep","VA",9,"G000568","N00032029",412485,21191,1958,2,3,4,5,6,0.52,-0.365
"Grijalva","Raúl",1948-02-19,"M","rep","AZ",7,"G000551","N00025284",400162,20305,1948,6,7,8,9,10,-0.598,-0.264
"Guthrie","Brett",1964-02-18,"M","rep","KY",2,"G000558","N00029675",412278,20916,1964,3,4,5,6,7,0.426,0.275
"Harris","Andy",1957-01-25,"M","rep","MD",1,"H001052","N00029147",412434,21139,1957,2,3,4,5,6,0.671,-0.374
"Himes","James",1966-07-05,"M","rep","CT",4,"H001047","N00029070",412282,20907,1966,3,4,5,6,7,-0.24,-0.226
"Hoyer","Steny",1939-06-14,"M","rep","MD",5,"H000874","N00001821",400189,14873,1939,14,15,16,17,18,-0.381,0.121
"Huizenga","Bill",1969-01-31,"M","rep","MI",4,"H001058","N00030673",412437,21142,1969,2,3,4,5,6,0.536,0.026
"Jackson Lee","Sheila",1950-01-12,"F","rep","TX",18,"J000032","N00005818",400199,29573,1950,10,11,12,13,14,-0.46,0.125
"Johnson","Henry",1954-10-02,"M","rep","GA",4,"J000288","N00027848",412199,20712,1954,4,5,6,7,8,-0.473,-0.025
"Jordan","Jim",1964-02-17,"M","rep","OH",4,"J000289","N00027894",412226,20738,1964,4,5,6,7,8,0.717,-0.198
"Kaptur","Marcy",1946-06-17,"F","rep","OH",9,"K000009","N00003522",400211,15029,1946,14,15,16,17,18,-0.348,0.117
"Keating","William",1952-09-06,"M","rep","MA",9,"K000375","N00031933",412435,21140,1952,2,3,4,5,6,-0.33,-0.112
"Kelly","Mike",1948-05-10,"M","rep","PA",16,"K000376","N00031647",412465,21167,1948,2,3,4,5,6,0.373,0.41
"Lamborn","Doug",1954-05-24,"M","rep","CO",5,"L000564","N00028133",412191,20704,1954,4,5,6,7,8,0.667,0.232
"Larsen","Rick",1965-06-15,"M","rep","WA",2,"L000560","N00009759",400232,20145,1965,7,8,9,10,11,-0.365,0.178
"Larson","John",1948-07-22,"M","rep","CT",1,"L000557","N00000575",400233,29908,1948,8,9,10,11,12,-0.396,-0.047
"Latta","Robert",1956-04-18,"M","rep","OH",5,"L000566","N00012233",412256,20755,1956,4,5,6,7,8,0.51,0.28
"Lee","Barbara",1946-07-16,"F","rep","CA",12,"L000551","N00008046",400237,29778,1946,9,10,11,12,13,-0.677,-0.569
"Lofgren","Zoe",1947-12-21,"F","rep","CA",18,"L000397","N00007479",400245,29504,1947,10,11,12,13,14,-0.399,-0.419
"Lucas","Frank",1960-01-06,"M","rep","OK",3,"L000491","N00005559",400247,29393,1960,11,12,13,14,15,0.36,0.449
"Luetkemeyer","Blaine",1952-05-07,"M","rep","MO",3,"L000569","N00030026",412292,20926,1952,3,4,5,6,7,0.452,0.23
"Lynch","Stephen",1955-03-31,"M","rep","MA",8,"L000562","N00013855",400249,20119,1955,7,8,9,10,11,-0.348,0.037
"Matsui","Doris",1944-09-25,"F","rep","CA",7,"M001163","N00027459",400663,20538,1944,5,6,7,8,9,-0.435,-0.146
"McCaul","Michael",1962-01-14,"M","rep","TX",10,"M001157","N00026460",400654,20530,1962,5,6,7,8,9,0.416,0.144
"McClintock","Tom",1956-07-10,"M","rep","CA",5,"M001177","N00006863",412295,20903,1956,3,4,5,6,7,0.682,-0.401
"McCollum","Betty",1954-07-12,"F","rep","MN",4,"M001143","N00012942",400259,20122,1954,7,8,9,10,11,-0.417,-0.193
"McGovern","James",1959-11-20,"M","rep","MA",2,"M000312","N00000179",400263,29729,1959,9,10,11,12,13,-0.538,-0.323
"McHenry","Patrick",1975-10-22,"M","rep","NC",10,"M001156","N00026627",400644,20522,1975,5,6,7,8,9,0.529,0.131
"McMorris Rodgers","Cathy",1969-05-22,"F","rep","WA",5,"M001159","N00026314",400659,20535,1969,5,6,7,8,9,0.432,0.11
"Meeks","Gregory",1953-09-25,"M","rep","NY",5,"M001137","N00001171",400271,29776,1953,9,10,11,12,13,-0.415,-0.072
"Moore","Gwen",1951-04-18,"F","rep","WI",4,"M001160","N00026914",400661,20537,1951,5,6,7,8,9,-0.526,-0.258
"Nadler","Jerrold",1947-06-13,"M","rep","NY",12,"N000002","N00000939",400289,29377,1947,12,13,14,15,16,-0.508,-0.484
"Napolitano","Grace",1936-12-04,"F","rep","CA",31,"N000179","N00006789",400290,29903,1936,8,9,10,11,12,-0.449,-0.245
"Neal","Richard",1949-02-14,"M","rep","MA",1,"N000015","N00000153",400291,15616,1949,13,14,15,16,17,-0.417,-0.105
"Pallone","Frank",1951-10-30,"M","rep","NJ",6,"P000034","N00000781",400308,15454,1951,14,15,16,17,18,-0.404,-0.168
"Pascrell","Bill",1937-01-25,"M","rep","NJ",9,"P000096","N00000751",400309,29741,1937,9,10,11,12,13,-0.368,-0.006
"Pelosi","Nancy",1940-03-26,"F","rep","CA",11,"P000197","N00007360",400314,15448,1940,14,15,16,17,18,-0.49,-0.197
"Pingree","Chellie",1955-04-02,"F","rep","ME",1,"P000597","N00013817",412307,20920,1955,3,4,5,6,7,-0.421,-0.36
"Posey","Bill",1947-12-18,"M","rep","FL",8,"P000599","N00029662",412309,20909,1947,3,4,5,6,7,0.531,-0.351
"Quigley","Mike",1958-10-17,"M","rep","IL",5,"Q000023","N00030581",412331,20954,1958,3,4,5,6,7,-0.324,-0.259
"Rogers","Harold",1937-12-31,"M","rep","KY",5,"R000395","N00003473",400340,14854,1937,14,15,16,17,18,0.334,0.142
"Rogers","Mike",1958-07-16,"M","rep","AL",3,"R000575","N00024759",400341,20301,1958,6,7,8,9,10,0.377,0.384
"Ruppersberger","C.",1946-01-31,"M","rep","MD",2,"R000576","N00025482",400349,20329,1946,6,7,8,9,10,-0.297,0.127
"Sarbanes","John",1962-05-22,"M","rep","MD",3,"S001168","N00027751",412212,20724,1962,4,5,6,7,8,-0.465,-0.071
"Scalise","Steve",1965-10-06,"M","rep","LA",1,"S001176","N00009660",412261,20759,1965,4,5,6,7,8,0.559,0.15
"Schakowsky","Janice",1944-05-26,"F","rep","IL",9,"S001145","N00004724",400360,29911,1944,8,9,10,11,12,-0.603,-0.276
"Schiff","Adam",1960-06-22,"M","rep","CA",30,"S001150","N00009585",400361,20104,1960,7,8,9,10,11,-0.35,-0.133
"Schweikert","David",1962-03-03,"M","rep","AZ",1,"S001183","N00006460",412399,21105,1962,2,3,4,5,6,0.561,-0.251
"Scott","Austin",1969-12-10,"M","rep","GA",8,"S001189","N00032457",412417,21123,1969,2,3,4,5,6,0.535,0.354
"Scott","David",1945-06-27,"M","rep","GA",13,"S001157","N00024871",400363,20321,1945,6,7,8,9,10,-0.304,0.168
"Scott","Robert",1947-04-30,"M","rep","VA",3,"S000185","N00002147",400364,39307,1947,11,12,13,14,15,-0.45,0.012
"Sewell","Terri",1965-01-01,"F","rep","AL",7,"S001185","N00030622",412396,21102,1965,2,3,4,5,6,-0.398,0.4
"Sherman","Brad",1954-10-24,"M","rep","CA",32,"S000344","N00006897",400371,29707,1954,9,10,11,12,13,-0.343,-0.141
"Simpson","Michael",1950-09-08,"M","rep","ID",2,"S001148","N00006263",400376,29910,1950,8,9,10,11,12,0.297,0.307
"Smith","Adam",1965-06-15,"M","rep","WA",9,"S000510","N00007833",400379,29768,1965,9,10,11,12,13,-0.288,-0.165
"Smith","Adrian",1970-12-19,"M","rep","NE",3,"S001172","N00027623",412217,20729,1970,4,5,6,7,8,0.513,0.233
"Smith","Christopher",1953-03-04,"M","rep","NJ",4,"S000522","N00009816",400380,14863,1953,14,15,16,17,18,0.178,-0.173
"Sánchez","Linda",1969-01-28,"F","rep","CA",38,"S001156","N00024870",400355,20310,1969,6,7,8,9,10,-0.508,-0.135
"Thompson","Bennie",1948-01-28,"M","rep","MS",2,"T000193","N00003288",400402,29368,1948,11,12,13,14,15,-0.517,0.395
"Thompson","Mike",1951-01-24,"M","rep","CA",4,"T000460","N00007419",400403,29901,1951,8,9,10,11,12,-0.393,0.068
"Thompson","Glenn",1959-07-27,"M","rep","PA",15,"T000467","N00029736",412317,20946,1959,3,4,5,6,7,0.331,0.357
"Tonko","Paul",1949-06-18,"M","rep","NY",20,"T000469","N00030196",412319,20934,1949,3,4,5,6,7,-0.415,-0.268
"Turner","Michael",1960-01-11,"M","rep","OH",10,"T000463","N00025175",400411,20342,1960,6,7,8,9,10,0.269,0.245
"Velázquez","Nydia",1953-03-28,"F","rep","NY",7,"V000081","N00001102",400416,29378,1953,11,12,13,14,15,-0.547,-0.351
"Walberg","Tim",1951-04-12,"M","rep","MI",5,"W000798","N00026368",412213,20725,1951,3,4,5,6,7,0.501,0.142
"Wasserman Schultz","Debbie",1966-09-27,"F","rep","FL",25,"W000797","N00026106",400623,20504,1966,5,6,7,8,9,-0.416,0.088
"Waters","Maxine",1938-08-15,"F","rep","CA",43,"W000187","N00006690",400422,29106,1938,12,13,14,15,16,-0.656,-0.079
"Webster","Daniel",1949-04-27,"M","rep","FL",11,"W000806","N00026335",412410,21116,1949,2,3,4,5,6,0.525,-0.094
"Wilson","Joe",1947-07-31,"M","rep","SC",2,"W000795","N00024809",400433,20138,1947,7,8,9,10,11,0.531,0.147
"Wilson","Frederica",1942-11-05,"F","rep","FL",24,"W000808","N00030650",412412,21118,1942,2,3,4,5,6,-0.477,-0.012
"Wittman","Robert",1959-02-03,"M","rep","VA",1,"W000804","N00029459",412255,20756,1959,4,5,6,7,8,0.451,0.001
"Womack","Steve",1957-02-18,"M","rep","AR",3,"W000809","N00031857",412402,21108,1957,2,3,4,5,6,0.348,0.621
"Amodei","Mark",1958-06-12,"M","rep","NV",2,"A000369","N00031177",412500,21196,1958,2,3,4,5,6,0.387,0.196
"Bonamici","Suzanne",1954-10-14,"F","rep","OR",1,"B001278","N00033474",412501,21198,1954,2,3,4,5,6,-0.396,-0.41
"DelBene","Suzan",1962-02-17,"F","rep","WA",1,"D000617","N00030693",412505,31101,1962,2,3,4,5,6,-0.292,-0.19
"Massie","Thomas",1971-01-13,"M","rep","KY",4,"M001184","N00034041",412503,31102,1971,2,3,4,5,6,0.678,-0.735
"Payne","Donald",1958-12-17,"M","rep","NJ",10,"P000604","N00034639",412506,31103,1958,2,3,4,5,6,-0.52,-0.097
"Foster","Bill",1955-10-07,"M","rep","IL",11,"F000454","N00029139",412257,20749,1955,3,4,5,6,7,-0.233,-0.215
"Titus","Dina",1950-05-23,"F","rep","NV",1,"T000468","N00030191",412318,20927,1950,2,3,4,5,6,-0.299,-0.193
"LaMalfa","Doug",1960-07-02,"M","rep","CA",1,"L000578","N00033987",412510,21302,1960,1,2,3,4,5,0.538,0.026
"Huffman","Jared",1964-02-18,"M","rep","CA",2,"H001068","N00033030",412511,21303,1964,1,2,3,4,5,-0.428,-0.527
"Bera","Ami",1965-03-02,"M","rep","CA",6,"B001287","N00030717",412512,21304,1965,1,2,3,4,5,-0.241,0.013
"Swalwell","Eric",1980-11-16,"M","rep","CA",14,"S001193","N00033508",412514,21306,1980,1,2,3,4,5,-0.362,-0.077
"Brownley","Julia",1952-08-28,"F","rep","CA",26,"B001285","N00034254",412516,21308,1952,1,2,3,4,5,-0.294,0.051
"Cárdenas","Tony",1963-03-31,"M","rep","CA",29,"C001097","N00033373",412517,21309,1963,1,2,3,4,5,-0.395,-0.003
"Ruiz","Raul",1972-08-25,"M","rep","CA",25,"R000599","N00033510",412519,21311,1972,1,2,3,4,5,-0.252,0.049
"Takano","Mark",1960-12-10,"M","rep","CA",39,"T000472","N00006701",412520,21312,1960,1,2,3,4,5,-0.465,-0.293
"Vargas","Juan",1961-03-07,"M","rep","CA",52,"V000130","N00007021",412522,21314,1961,1,2,3,4,5,-0.404,0.048
"Peters","Scott",1958-06-17,"M","rep","CA",50,"P000608","N00033591",412523,21315,1958,1,2,3,4,5,-0.188,-0.032
"Frankel","Lois",1948-05-16,"F","rep","FL",22,"F000462","N00002893",412529,21321,1948,1,2,3,4,5,-0.397,-0.054
"Barr","Garland",1973-07-24,"M","rep","KY",6,"B001282","N00031233",412541,21333,1973,1,2,3,4,5,0.484,0.294
"Kildee","Daniel",1958-08-11,"M","rep","MI",8,"K000380","N00033395",412546,21372,1958,1,2,3,4,5,-0.367,-0.174
"Wagner","Ann",1962-09-13,"F","rep","MO",2,"W000812","N00033106",412548,21337,1962,1,2,3,4,5,0.393,0.284
"Hudson","Richard",1971-11-04,"M","rep","NC",9,"H001067","N00033630",412550,21346,1971,1,2,3,4,5,0.526,0.178
"Kuster","Ann",1956-09-05,"F","rep","NH",2,"K000382","N00030875",412557,21340,1956,1,2,3,4,5,-0.26,-0.098
"Meng","Grace",1975-10-01,"F","rep","NY",6,"M001188","N00034547",412560,21342,1975,1,2,3,4,5,-0.376,-0.217
"Jeffries","Hakeem",1970-08-04,"M","rep","NY",8,"J000294","N00033640",412561,21343,1970,1,2,3,4,5,-0.486,-0.072
"Wenstrup","Brad",1958-06-17,"M","rep","OH",2,"W000815","N00033310",412564,21351,1958,1,2,3,4,5,0.528,0.268
"Beatty","Joyce",1950-03-12,"F","rep","OH",3,"B001281","N00033904",412565,21352,1950,1,2,3,4,5,-0.439,0.042
"Joyce","David",1957-03-17,"M","rep","OH",14,"J000295","N00035007",412566,21353,1957,1,2,3,4,5,0.256,0.301
"Perry","Scott",1962-05-27,"M","rep","PA",10,"P000605","N00034120",412569,21356,1962,1,2,3,4,5,0.677,-0.461
"Cartwright","Matthew",1961-05-01,"M","rep","PA",8,"C001090","N00034128",412571,21358,1961,1,2,3,4,5,-0.349,-0.005
"Weber","Randy",1953-07-02,"M","rep","TX",14,"W000814","N00033539",412574,21360,1953,1,2,3,4,5,0.73,0.017
"Castro","Joaquin",1974-09-16,"M","rep","TX",20,"C001091","N00033316",412576,21362,1974,1,2,3,4,5,-0.404,-0.071
"Williams","Roger",1949-09-13,"M","rep","TX",25,"W000816","N00030602",412578,21364,1949,1,2,3,4,5,0.595,0.063
"Veasey","Marc",1971-01-03,"M","rep","TX",33,"V000131","N00033839",412579,21365,1971,1,2,3,4,5,-0.404,0.34
"Kilmer","Derek",1974-01-01,"M","rep","WA",6,"K000381","N00034453",412583,21368,1974,1,2,3,4,5,-0.312,-0.009
"Pocan","Mark",1964-08-14,"M","rep","WI",2,"P000607","N00033549",412585,21370,1964,1,2,3,4,5,-0.531,-0.561
"Kelly","Robin",1956-04-30,"F","rep","IL",2,"K000385","N00035215",412595,21371,1956,1,2,3,4,5,-0.467,-0.023
"Smith","Jason",1980-06-16,"M","rep","MO",8,"S001195","N00035282",412596,21373,1980,1,2,3,4,5,0.581,0.254
"Clark","Katherine",1963-07-17,"F","rep","MA",5,"C001101","N00035278",412600,21375,1963,1,2,3,4,5,-0.482,-0.316
"Norcross","Donald",1958-12-13,"M","rep","NJ",1,"N000188","N00036154",412606,21536,1958,1,2,3,4,5,-0.421,0.328
"Adams","Alma",1946-05-27,"F","rep","NC",12,"A000370","N00035451",412607,21545,1946,1,2,3,4,5,-0.468,0.017
"Schneider","Bradley",1961-08-20,"M","rep","IL",10,"S001190","N00033101",412534,21326,1961,1,1,2,3,4,-0.187,-0.14
"Horsford","Steven",1973-04-29,"M","rep","NV",4,"H001066","N00033638",412559,21339,1973,1,1,1,2,3,-0.342,0.135
"Issa","Darrell",1953-11-01,"M","rep","CA",48,"I000056","N00007017",400196,20107,1953,7,8,9,9,10,0.484,-0.001
"Sessions","Pete",1955-03-22,"M","rep","TX",17,"S000250","N00005681",400367,29759,1955,9,10,11,11,12,0.588,0.149
"Valadao","David",1977-04-14,"M","rep","CA",22,"V000129","N00033367",412515,21307,1977,1,2,3,3,4,0.26,0.424
