"state","district","party","birthday","gender","nominate_dim1","nominate_dim2","seniority_113","seniority_114","seniority_1151","seniority_1152","seniority_116","seniority_117","Contribution_3_minus","Contribution_3_plus","Contribution_4_minus","Contribution_4_plus","Contribution_51_minus","Contribution_51_plus","Contribution_52_minus","Contribution_52_plus","Contribution_6_minus","Contribution_6_plus","Contribution_7_minus","Contribution_7_plus","Dmajority_3","Dmajority_4","Dmajority_51","Dmajority_52","Dmajority_6","Dmajority_7","Geographical","all_votes_minus","all_votes_plus"
"AL",3,"R",1958,"M",0.377,0.384,6,7,8,8,9,10,17500,0,13000,0,15000,0,14000,0,24300,0,16000,0,0,0,0,0,1,1,"SO",0,1
"AL",4,"R",1965,"M",0.403,0.479,9,10,11,11,12,13,17896,0,20000,0,26950,0,27950,0,8000,0,14750,0,0,0,0,0,1,1,"SO",0,1
"AL",5,"R",1954,"M",0.652,0.417,2,3,4,4,5,6,8500,0,5000,0,6000,500,6000,500,2500,0,14950,0,0,0,0,0,1,1,"SO",0,1
"AL",7,"D",1965,"F",0.398,0.4,2,3,4,4,5,6,16000,0,10250,0,15250,0,14250,0,19500,0,21500,0,0,0,0,0,1,1,"SO",0,1
"AK",0,"R",1933,"M",0.283,0.022,14,15,16,16,17,18,8600,0,27800,0,32200,500,31450,500,28011,1500,11633,0,0,0,0,0,1,1,"WE",0,1
"AZ",NA,"D",1950,"F",0.169,0.01,2,3,3,3,4,5,18300,0,3605,3025,NA,NA,NA,NA,15970,0,0,0,0,0,0,0,1,1,"WE",0,1
"AZ",NA,"D",1948,"M",0.598,0.264,6,7,8,8,9,10,NA,NA,1500,0,NA,NA,NA,NA,NA,NA,NA,NA,0,0,0,0,1,1,"WE",0,1
"AZ",NA,"R",1958,"M",0.699,0.499,2,3,4,4,5,6,19850,0,16000,0,26000,2250,13250,2250,12700,0,0,0,0,0,0,0,1,1,"WE",1,0
"AZ",NA,"R",1962,"M",0.561,0.251,2,3,4,4,5,6,8750,0,NA,NA,12000,0,8000,5400,23988,2000,5633,0,0,0,0,0,1,1,"WE",0,1
"AR",1,"R",1966,"M",0.457,0.32,2,3,4,4,5,6,9500,1000,2500,0,9500,0,7500,0,10000,0,6000,0,0,0,0,0,1,1,"SO",0,1
"AR",3,"R",1957,"M",0.348,0.621,2,3,4,4,5,6,7000,0,11000,0,19500,0,19500,0,7000,0,8500,0,0,0,0,0,1,1,"SO",0,1
"CA",1,"R",1960,"M",0.538,0.026,1,2,3,3,4,5,17500,0,13400,501,10500,50,14000,50,25988,250,3133,0,0,0,0,0,1,1,"WE",0,1
"CA",2,"D",1964,"M",0.428,0.527,1,2,3,3,4,5,7400,0,13320,200,7500,1580,9000,1580,6500,0,3000,250,0,0,0,0,1,1,"WE",0,1
"CA",NA,"D",1945,"M",0.309,0.096,3,4,5,5,6,7,4500,1500,3000,0,2000,1000,2000,1000,8000,0,2000,0,0,0,0,0,1,1,"WE",0,1
"CA",NA,"R",1956,"M",0.682,0.401,3,4,5,5,6,7,11450,0,4925,0,11405,300,12260,750,13688,0,4333,0,0,0,0,0,1,1,"WE",0,1
"CA",NA,"D",1951,"M",0.393,0.068,8,9,10,10,11,12,27385,1500,10000,500,14500,5000,30000,0,26330,0,47000,0,0,0,0,0,1,1,"WE",0,1
"CA",NA,"D",1944,"F",0.435,0.146,5,6,7,7,8,9,27249,3850,4700,5400,15500,2700,18500,5400,24500,0,5000,0,0,0,0,0,1,1,"WE",0,1
"CA",NA,"D",1965,"M",0.241,0.013,1,2,3,3,4,5,2750,250,2550,5400,2650,2470,2200,3230,2250,0,1000,0,0,0,0,0,1,1,"WE",0,1
"CA",9,"D",1951,"M",0.263,0.159,4,5,6,6,7,8,20049,7500,17350,1350,27325,1100,28500,5300,27650,0,13000,3400,0,0,0,0,1,1,"WE",0,1
"CA",NA,"D",1940,"F",0.49,0.197,14,15,16,16,17,18,1000,0,5800,200,10720,125,10665,3890,27360,0,28930,3978,0,0,0,0,1,1,"WE",0,1
"CA",NA,"D",1946,"F",0.677,0.569,9,10,11,11,12,13,7100,0,2900,0,4700,500,5700,250,650,0,0,0,0,0,0,0,1,1,"WE",0,1
"CA",14,"D",1950,"F",0.381,0.41,4,5,6,6,7,8,250,0,0,0,1500,0,1500,0,0,0,0,0,0,0,0,0,1,1,"WE",0,1
"CA",NA,"D",1980,"M",0.362,0.077,1,2,3,3,4,5,16100,4350,18600,800,19900,1850,27425,400,25110,0,7470,0,0,0,0,0,1,1,"WE",0,1
"CA",NA,"D",1942,"F",0.38,0.397,11,12,13,13,14,15,3500,0,2150,0,2000,8400,1000,8400,9800,0,NA,NA,0,0,0,0,1,1,"WE",0,1
"CA",NA,"D",1947,"F",0.399,0.419,10,11,12,12,13,14,2000,10400,7500,0,0,10900,3000,150,3000,700,12500,1075,0,0,0,0,1,1,"WE",0,1
"CA",22,"R",1973,"M",0.45,0.223,6,7,8,8,9,10,43500,1000,56500,250,76600,1050,97275,3950,60257,1500,10287,500,0,0,0,0,1,1,"WE",0,1
"CA",NA,"R",1965,"M",0.453,0.233,4,5,6,6,7,8,172660,3500,202750,7900,248450,2800,311850,5550,380725,5600,314797,3050,0,0,0,0,1,1,"WE",0,1
"CA",26,"D",1952,"F",0.294,0.051,1,2,3,3,4,5,4100,250,6015,3,6633,1250,12693,1500,7000,0,0,0,0,0,0,0,1,1,"WE",0,1
"CA",NA,"D",1953,"F",0.489,0.379,3,4,5,5,6,7,5100,1000,0,0,4000,0,4000,0,1000,0,1500,0,0,0,0,0,1,1,"WE",0,1
"CA",NA,"D",1960,"M",0.35,0.133,7,8,9,9,10,11,0,0,1000,0,8340,1050,7915,1250,13100,365,10800,3000,0,0,0,0,1,1,"WE",0,1
"CA",29,"D",1963,"M",0.395,0.003,1,2,3,3,4,5,4000,0,13500,0,26000,0,26000,0,16000,0,6000,0,0,0,0,0,1,1,"WE",0,1
"CA",NA,"D",1954,"M",0.343,0.141,9,10,11,11,12,13,0,0,3000,0,1000,0,1000,0,2000,0,5400,0,0,0,0,0,1,1,"WE",0,1
"CA",NA,"D",1936,"F",0.449,0.245,8,9,10,10,11,12,2000,1500,5500,0,5500,0,6000,0,9500,0,1500,0,0,0,0,0,1,1,"WE",0,1
"CA",NA,"D",1972,"M",0.252,0.049,1,2,3,3,4,5,1500,0,5150,250,7825,210,9250,140,9300,1000,13870,5800,0,0,0,0,1,1,"WE",0,1
"CA",37,"D",1953,"F",0.584,0.098,2,3,4,4,5,6,4750,0,6500,0,1900,0,3400,0,19250,0,0,1000,0,0,0,0,1,1,"WE",0,1
"CA",38,"D",1969,"F",0.508,0.135,6,7,8,8,9,10,5500,500,13500,0,9000,0,10000,0,1000,0,NA,NA,0,0,0,0,1,1,"WE",0,1
"CA",40,"D",1941,"F",0.469,0.171,11,12,13,13,14,15,5300,0,2500,0,5000,0,5000,0,3000,0,1000,0,0,0,0,0,1,1,"WE",0,1
"CA",NA,"D",1960,"M",0.465,0.293,1,2,3,3,4,5,0,0,2500,0,3000,0,5000,0,1000,250,250,0,0,0,0,0,1,1,"WE",0,1
"CA",NA,"R",1953,"M",0.341,0.263,11,12,13,13,14,15,15600,0,60500,1000,31500,0,28500,0,14300,0,2000,0,0,0,0,0,1,1,"WE",0,1
"CA",43,"D",1938,"F",0.656,0.079,12,13,14,14,15,16,10400,0,2500,0,1250,0,3250,0,0,0,0,0,0,0,0,0,1,1,"WE",0,1
"CA",47,"D",1941,"M",0.449,0.384,1,2,3,3,4,5,10500,0,12000,0,10200,0,16700,0,7000,0,10500,0,0,0,0,0,1,1,"WE",0,1
"CA",NA,"R",1953,"M",0.484,0.001,7,8,9,9,9,10,54450,1500,13400,2700,11300,0,NA,NA,NA,NA,3133,0,0,0,0,0,1,1,"WE",1,0
"CA",NA,"D",1961,"M",0.404,0.048,1,2,3,3,4,5,7600,0,15800,0,5000,0,6000,0,16100,0,5500,2900,0,0,0,0,1,1,"WE",0,1
"CA",NA,"D",1958,"M",0.188,0.032,1,2,3,3,4,5,15700,0,16395,1025,47800,1300,47675,300,32550,0,9500,0,0,0,0,0,1,1,"WE",0,1
"CO",1,"D",1957,"F",0.431,0.303,9,10,11,11,12,13,0,0,4000,1000,4500,0,2500,0,1000,0,5500,0,0,0,0,0,1,1,"WE",0,1
"CO",5,"R",1954,"M",0.667,0.232,4,5,6,6,7,8,20500,0,32250,0,18500,0,10500,0,3500,0,3500,0,0,0,0,0,1,1,"WE",0,1
"CO",7,"D",1953,"M",0.282,0.072,4,5,6,6,7,8,14700,2500,6450,500,5500,0,4025,0,3500,0,2500,0,0,0,0,0,1,1,"WE",0,1
"CT",1,"D",1948,"M",0.396,0.047,8,9,10,10,11,12,10000,1000,7500,1000,5950,1500,6950,1500,8500,0,7500,0,0,0,0,0,1,1,"NE",0,1
"CT",2,"D",1953,"M",0.34,0.03,4,5,6,6,7,8,8000,0,4000,0,5000,0,9600,0,6500,0,1000,0,0,0,0,0,1,1,"NE",0,1
"CT",3,"D",1943,"F",0.414,0.116,12,13,14,14,15,16,NA,NA,5375,0,1500,0,1500,0,1350,0,10100,0,0,0,0,0,1,1,"NE",0,1
"CT",4,"D",1966,"M",0.24,0.226,3,4,5,5,6,7,2500,0,12000,0,2000,0,4000,0,100,0,1200,0,0,0,0,0,1,1,"NE",0,1
"FL",8,"R",1947,"M",0.531,0.351,3,4,5,5,6,7,2000,0,6000,0,3000,0,3000,0,16700,0,5800,0,0,0,0,0,1,1,"SO",1,0
"FL",NA,"R",1949,"M",0.525,0.094,2,3,4,4,5,6,6500,0,4500,200,3300,0,6800,0,1500,0,1500,0,0,0,0,0,1,1,"SO",0,1
"FL",12,"R",1963,"M",0.419,0.017,4,5,6,6,7,8,8500,0,15000,0,46400,8900,50900,8900,14000,0,26000,0,0,0,0,0,1,1,"SO",0,1
"FL",14,"D",1966,"F",0.437,0.06,4,5,6,6,7,8,2500,0,4000,0,1000,0,1000,0,2650,2500,2000,0,0,0,0,0,1,1,"SO",0,1
"FL",16,"R",1951,"M",0.362,0.095,4,5,6,6,7,8,6000,0,5000,0,15750,0,23250,0,43788,0,35400,5900,0,0,0,0,1,1,"SO",0,1
"FL",20,"D",1936,"M",0.564,0.157,11,12,13,13,14,15,3500,0,2500,0,1000,0,2000,0,1500,0,0,0,0,0,0,0,1,1,"SO",0,1
"FL",NA,"D",1966,"M",0.401,0.078,3,4,5,5,6,7,11000,2500,0,0,5800,2000,3300,12800,6500,2800,2500,0,0,0,0,0,1,1,"SO",0,1
"FL",22,"D",1948,"F",0.397,0.054,1,2,3,3,4,5,5600,0,0,0,1500,0,1500,0,2500,0,2500,0,0,0,0,0,1,1,"SO",0,1
"FL",NA,"D",1966,"F",0.416,0.088,5,6,7,7,8,9,9500,5500,6400,2850,21650,1500,22200,0,0,0,0,0,0,0,0,0,1,1,"SO",0,1
"FL",24,"D",1942,"F",0.477,0.012,2,3,4,4,5,6,2000,0,3500,0,1500,0,0,0,1500,0,2500,0,0,0,0,0,1,1,"SO",0,1
"FL",NA,"R",1961,"M",0.284,0.141,6,7,8,8,9,10,2500,0,17000,0,12000,0,25300,0,20100,0,0,0,0,0,0,0,1,1,"SO",1,0
"GA",4,"D",1954,"M",0.473,0.025,4,5,6,6,7,8,2500,0,1000,0,2500,0,2500,0,1500,0,0,0,0,0,0,0,1,1,"SO",0,1
"GA",8,"R",1969,"M",0.535,0.354,2,3,4,4,5,6,8500,0,7000,0,7500,0,2500,0,2500,0,NA,NA,0,0,0,0,1,1,"SO",0,1
"GA",13,"D",1945,"M",0.304,0.168,6,7,8,8,9,10,2500,0,8250,0,1000,0,1000,0,0,0,9500,0,0,0,0,0,1,1,"SO",0,1
"ID",2,"R",1950,"M",0.297,0.307,8,9,10,10,11,12,103694,1000,80600,0,45200,0,53200,0,40100,0,38000,0,0,0,0,0,1,1,"WE",0,1
"IL",1,"D",1946,"M",0.479,0.203,11,12,13,13,14,15,23000,0,25400,0,8000,0,10500,1000,35000,0,33500,0,0,0,0,0,1,1,"MW",0,1
"IL",2,"D",1956,"F",0.467,0.023,1,2,3,3,4,5,3500,0,7500,1000,2000,0,5500,0,15500,0,4750,0,0,0,0,0,1,1,"MW",0,1
"IL",5,"D",1958,"M",0.324,0.259,3,4,5,5,6,7,2000,0,4500,1000,1000,0,1500,0,0,0,1000,0,0,0,0,0,1,1,"MW",0,1
"IL",7,"D",1941,"M",0.486,0.26,9,10,11,11,12,13,7500,0,5500,5000,7000,0,7000,0,9000,0,5000,1000,0,0,0,0,1,1,"MW",0,1
"IL",9,"D",1944,"F",0.603,0.276,8,9,10,10,11,12,0,3600,3000,0,150,2375,150,2375,0,1275,175,0,0,0,0,0,1,1,"MW",0,1
"IL",10,"D",1961,"M",0.187,0.14,1,1,2,2,3,4,5500,0,NA,NA,3000,0,3050,0,8500,0,6950,0,0,0,0,0,1,1,"MW",0,1
"IL",11,"D",1955,"M",0.233,0.215,3,4,5,5,6,7,12850,4850,15700,1200,12950,2800,11450,3400,9200,0,3400,1000,0,0,0,0,1,1,"MW",0,1
"IL",13,"R",1970,"M",0.279,0.17,1,2,3,3,4,5,39805,1500,24900,5000,38950,9000,47950,10500,62064,0,38633,0,0,0,0,0,1,1,"MW",0,1
"IL",16,"R",1978,"M",0.234,0.382,2,3,4,4,5,6,69850,5000,68400,4500,44450,1000,60700,2000,61800,0,94600,9400,0,0,0,0,1,1,"MW",0,1
"IL",17,"D",1961,"F",0.239,0.054,1,2,3,3,4,5,9750,1000,10325,4341,16765,2400,18628,3475,54250,4000,10150,0,0,0,0,0,1,1,"MW",0,1
"IN",2,"R",1963,"F",0.436,0.315,1,2,3,3,4,5,19100,4600,26750,5000,35000,1000,33000,1000,31488,0,10500,0,0,0,0,0,1,1,"MW",0,1
"IN",7,"D",1974,"M",0.43,0.04,4,5,6,6,7,8,3250,0,2250,0,0,600,3000,600,0,700,NA,NA,0,0,0,0,1,1,"MW",0,1
"IN",8,"R",1962,"M",0.383,0.373,2,3,4,4,5,6,28350,0,28450,0,25500,1000,24500,1000,6250,0,14000,500,0,0,0,0,1,1,"MW",0,1
"KY",2,"R",1964,"M",0.426,0.275,3,4,5,5,6,7,32500,0,23500,0,24300,0,23300,0,27000,0,10000,0,0,0,0,0,1,1,"SO",0,1
"KY",3,"D",1947,"M",0.378,0.275,4,5,6,6,7,8,4000,0,1500,0,1500,1000,1500,2000,0,0,5000,0,0,0,0,0,1,1,"SO",0,1
"KY",4,"R",1971,"M",0.678,0.735,2,3,4,4,5,6,8600,0,6000,0,2000,0,0,0,6000,0,0,0,0,0,0,0,1,1,"SO",0,1
"KY",5,"R",1937,"M",0.334,0.142,14,15,16,16,17,18,44800,0,20500,0,17500,0,24500,0,1000,0,3450,0,0,0,0,0,1,1,"SO",0,1
"KY",6,"R",1973,"M",0.484,0.294,1,2,3,3,4,5,107750,0,53550,0,100221,7587,119927,7587,42073,0,43333,0,0,0,0,0,1,1,"SO",1,0
"LA",1,"R",1965,"M",0.559,0.15,4,5,6,6,7,8,91500,0,94150,0,149825,9100,168100,6400,155465,750,116157,1985,0,0,0,0,1,1,"SO",1,0
"LA",2,"D",1973,"M",0.486,0.332,2,3,4,4,5,6,19100,0,30250,0,31500,0,34000,0,52800,0,NA,NA,0,0,0,0,1,1,"SO",0,1
"ME",1,"D",1955,"F",0.421,0.36,3,4,5,5,6,7,250,0,1250,1000,1075,1,1110,1,1000,0,0,0,0,0,0,0,1,1,"NE",0,1
"MD",1,"R",1957,"M",0.671,0.374,2,3,4,4,5,6,34200,0,8500,0,10350,0,12350,0,250,0,500,0,0,0,0,0,1,1,"SO",0,1
"MD",2,"D",1946,"M",0.297,0.127,6,7,8,8,9,10,13750,0,4000,0,4750,0,7250,0,8000,2800,2500,0,0,0,0,0,1,1,"SO",0,1
"MD",3,"D",1962,"M",0.465,0.071,4,5,6,6,7,8,0,0,0,0,500,0,500,0,0,0,0,0,0,0,0,0,1,1,"SO",0,1
"MD",5,"D",1939,"M",0.381,0.121,14,15,16,16,17,18,75000,0,107750,4500,86500,250,96250,250,121500,0,90000,0,0,0,0,0,1,1,"SO",0,1
"MA",1,"D",1949,"M",0.417,0.105,13,14,15,15,16,17,9000,1000,17000,0,7500,250,26000,3250,66200,1000,40600,1000,0,0,0,0,1,1,"NE",0,1
"MA",2,"D",1959,"M",0.538,0.323,9,10,11,11,12,13,5000,5200,2510,0,1000,107,6250,357,250,5600,500,0,0,0,0,0,1,1,"NE",0,1
"MA",8,"D",1955,"M",0.348,0.037,7,8,9,9,10,11,3700,250,0,0,2750,0,3250,2500,0,0,750,0,0,0,0,0,1,1,"NE",0,1
"MA",9,"D",1952,"M",0.33,0.112,2,3,4,4,5,6,3500,0,10000,0,9500,0,10500,0,2000,0,0,0,0,0,0,0,1,1,"NE",0,1
"MI",NA,"R",1969,"M",0.536,0.026,2,3,4,4,5,6,12300,0,22050,0,26000,0,25500,0,26988,0,9000,0,0,0,0,0,1,1,"MW",0,1
"MI",NA,"D",1958,"M",0.367,0.174,1,2,3,3,4,5,10000,0,10600,0,5500,0,6500,0,17800,0,24500,500,0,0,0,0,1,1,"MW",0,1
"MI",NA,"R",1951,"M",0.501,0.142,3,4,5,5,6,7,26050,0,43750,0,63450,0,82050,0,73238,0,25200,0,0,0,0,0,1,1,"MW",0,1
"MN",4,"D",1954,"F",0.417,0.193,7,8,9,9,10,11,1000,0,1000,0,1500,250,1500,250,NA,NA,3750,0,0,0,0,0,1,1,"MW",0,1
"MS",2,"D",1948,"M",0.517,0.395,11,12,13,13,14,15,11500,0,26500,0,19000,0,8500,0,11500,0,12000,0,0,0,0,0,1,1,"SO",0,1
"MS",4,"R",1970,"M",0.535,0.45,2,3,4,4,5,6,32000,0,31500,0,23000,0,18000,0,20900,0,16700,0,0,0,0,0,1,1,"SO",0,1
"MO",2,"R",1962,"F",0.393,0.284,1,2,3,3,4,5,51850,0,17500,0,27000,400,29100,400,23011,0,18133,0,0,0,0,0,1,1,"MW",0,1
"MO",3,"R",1952,"M",0.452,0.23,3,4,5,5,6,7,5500,0,7500,2500,8250,500,11250,500,6000,0,1000,0,0,0,0,0,1,1,"MW",0,1
"MO",4,"R",1960,"F",0.478,0.229,2,3,4,4,5,6,11200,0,5000,0,10000,2500,7000,0,10300,0,32050,0,0,0,0,0,1,1,"MW",0,1
"MO",5,"D",1944,"M",0.453,0.009,5,6,7,7,8,9,5000,0,3000,1000,1500,3700,1500,3700,4500,0,0,0,0,0,0,0,1,1,"MW",0,1
"MO",6,"R",1963,"M",0.447,0.167,7,8,9,9,10,11,8750,2000,9000,1000,18520,3500,23320,6000,43000,1000,19400,0,0,0,0,0,1,1,"MW",1,0
"MO",7,"R",1955,"M",0.544,0.244,2,3,4,4,5,6,48650,0,22000,0,25500,0,26000,2000,45000,0,NA,NA,0,0,0,0,1,1,"MW",0,1
"MO",8,"R",1980,"M",0.581,0.254,1,2,3,3,4,5,35465,0,24600,6000,26500,2000,35500,2000,25000,0,20300,0,0,0,0,0,1,1,"MW",0,1
"NE",1,"R",1960,"M",0.304,0.061,5,6,7,7,8,9,3500,0,3500,0,6700,1000,6700,1000,3500,0,7400,0,0,0,0,0,1,1,"MW",0,1
"NE",3,"R",1970,"M",0.513,0.233,4,5,6,6,7,8,9000,1500,7750,5000,12450,7000,14950,8000,21500,0,9000,0,0,0,0,0,1,1,"MW",0,1
"NV",1,"D",1950,"F",0.299,0.193,2,3,4,4,5,6,4750,1000,6000,5500,3500,0,0,0,3500,0,2500,0,0,0,0,0,1,1,"WE",0,1
"NV",2,"R",1958,"M",0.387,0.196,2,3,4,4,5,6,13000,0,19700,0,31500,0,40000,0,14750,0,6112,0,0,0,0,0,1,1,"WE",0,1
"NV",4,"D",1973,"M",0.342,0.135,1,1,1,1,2,3,11250,500,NA,NA,NA,NA,NA,NA,23100,0,9500,1000,0,0,0,0,1,1,"WE",0,1
"NH",2,"D",1956,"F",0.26,0.098,1,2,3,3,4,5,2500,6950,8500,1000,5200,3700,4600,0,6750,0,4850,1500,0,0,0,0,1,1,"NE",0,1
"NJ",6,"D",1951,"M",0.404,0.168,14,15,16,16,17,18,26088,2500,12499,1000,24750,20250,24500,20000,80550,2500,42150,0,0,0,0,0,1,1,"NE",0,1
"NJ",8,"D",1951,"M",0.404,0.098,5,6,7,7,8,9,1000,0,NA,NA,1000,0,1000,0,2500,0,2000,0,0,0,0,0,1,1,"NE",0,1
"NJ",9,"D",1937,"M",0.368,0.006,9,10,11,11,12,13,10000,0,7500,6000,2000,0,5500,0,16750,1000,5000,0,0,0,0,0,1,1,"NE",0,1
"NJ",10,"D",1958,"M",0.52,0.097,2,3,4,4,5,6,8850,0,7600,0,8000,0,8000,0,13000,0,18500,0,0,0,0,0,1,1,"NE",0,1
"NY",5,"D",1953,"M",0.415,0.072,9,10,11,11,12,13,8500,0,7000,0,4500,3500,4500,3500,5000,0,18250,0,0,0,0,0,1,1,"NE",0,1
"NY",6,"D",1975,"F",0.376,0.217,1,2,3,3,4,5,500,500,1500,500,750,600,750,600,0,0,3000,0,0,0,0,0,1,1,"NE",0,1
"NY",7,"D",1953,"F",0.547,0.351,11,12,13,13,14,15,2000,0,0,0,1000,0,1000,0,3250,0,0,0,0,0,0,0,1,1,"NE",0,1
"NY",8,"D",1970,"M",0.486,0.072,1,2,3,3,4,5,2000,1000,5000,0,4500,0,5000,0,3500,0,25350,2000,0,0,0,0,1,1,"NE",0,1
"NY",9,"D",1964,"F",0.609,0.246,4,5,6,6,7,8,0,0,5000,0,17000,0,18000,0,4500,0,5200,0,0,0,0,0,1,1,"NE",0,1
"NY",NA,"D",1947,"M",0.508,0.484,12,13,14,14,15,16,250,0,0,0,1000,0,1000,0,1000,0,1000,0,0,0,0,0,1,1,"NE",0,1
"NY",12,"D",1946,"F",0.387,0.285,11,12,13,13,14,15,0,0,13300,0,3600,0,3100,0,6400,250,12350,0,0,0,0,0,1,1,"NE",0,1
"NY",20,"D",1949,"M",0.415,0.268,3,4,5,5,6,7,20500,4550,12050,3175,15925,2400,17450,3538,86550,3800,60750,2548,0,0,0,0,1,1,"NE",0,1
"NY",26,"D",1959,"M",0.348,0.032,5,6,7,7,8,9,1000,0,2000,0,6500,0,3000,0,5000,0,7850,0,0,0,0,0,1,1,"NE",0,1
"NC",1,"D",1947,"M",0.404,0.184,6,7,8,8,9,10,11000,0,6000,1000,7000,0,8500,1000,4500,0,7000,0,0,0,0,0,1,1,"SO",0,1
"NC",4,"D",1940,"M",0.343,0.03,13,14,15,15,16,17,1000,0,5000,0,3500,250,7500,250,1000,0,4500,0,0,0,0,0,1,1,"SO",0,1
"NC",5,"R",1943,"F",0.623,0.18,5,6,7,7,8,9,5500,1000,11073,500,26000,500,29000,500,21000,0,500,0,0,0,0,0,1,1,"SO",0,1
"NC",NA,"R",1971,"M",0.526,0.178,1,2,3,3,4,5,18250,300,94650,0,45500,250,35000,0,58188,0,17070,0,0,0,0,0,1,1,"SO",0,1
"NC",10,"R",1975,"M",0.529,0.131,5,6,7,7,8,9,6000,0,47500,0,40000,4200,54400,11200,17500,0,22500,0,0,0,0,0,1,1,"SO",0,1
"OH",1,"R",1953,"M",0.542,0.137,9,10,11,11,12,13,4500,0,7100,0,12100,100,16600,600,13878,0,670,0,0,0,0,0,1,1,"MW",0,1
"OH",2,"R",1958,"M",0.528,0.268,1,2,3,3,4,5,16600,300,13100,100,4565,0,7195,100,20500,0,6100,0,0,0,0,0,1,1,"MW",0,1
"OH",3,"D",1950,"F",0.439,0.042,1,2,3,3,4,5,10100,0,24000,0,13000,0,14000,0,17250,0,29850,0,0,0,0,0,1,1,"MW",0,1
"OH",4,"R",1964,"M",0.717,0.198,4,5,6,6,7,8,15950,0,8500,0,8000,0,7000,0,18550,0,11330,300,0,0,0,0,1,1,"MW",0,1
"OH",5,"R",1956,"M",0.51,0.28,4,5,6,6,7,8,48850,10450,36750,0,69575,2500,72825,0,36250,0,41500,0,0,0,0,0,1,1,"MW",0,1
"OH",6,"R",1954,"M",0.436,0.235,2,3,4,4,5,6,144635,4600,99450,12500,100100,0,119600,1750,101350,0,33349,0,0,0,0,0,1,1,"MW",0,1
"OH",7,"R",1954,"M",0.484,0.284,2,3,4,4,5,6,55150,500,13500,500,16500,1000,23000,1000,12500,0,0,0,0,0,0,0,1,1,"MW",0,1
"OH",9,"D",1946,"F",0.348,0.117,14,15,16,16,17,18,23100,1000,17500,0,10000,250,8500,250,22500,3000,12250,0,0,0,0,0,1,1,"MW",0,1
"OH",10,"R",1960,"M",0.269,0.245,6,7,8,8,9,10,7500,0,24950,0,3500,0,4500,0,12011,0,12000,0,0,0,0,0,1,1,"MW",0,1
"OH",11,"D",1952,"F",0.581,0.14,4,5,6,6,7,8,12750,0,21500,0,5000,0,5000,0,4000,0,0,0,0,0,0,0,1,1,"MW",0,1
"OH",13,"D",1973,"M",0.402,0.208,6,7,8,8,9,10,27000,0,20500,0,16900,0,16900,0,11250,500,29407,4135,0,0,0,0,1,1,"MW",0,1
"OH",14,"R",1957,"M",0.256,0.301,1,2,3,3,4,5,32900,500,25800,2300,37525,0,62625,250,45311,0,25400,0,0,0,0,0,1,1,"MW",0,1
"OH",15,"R",1965,"M",0.3,0.269,2,3,4,4,5,6,46700,0,41600,0,85150,0,93650,0,63300,0,28400,0,0,0,0,0,1,1,"MW",1,0
"OK",2,"R",NA,NA,NA,NA,NA,NA,NA,NA,NA,NA,NA,NA,NA,NA,NA,NA,NA,NA,NA,NA,NA,NA,0,0,0,0,1,1,"SO",0,1
"OK",3,"R",1960,"M",0.36,0.449,11,12,13,13,14,15,49550,0,23500,0,21000,0,18500,0,15500,0,8800,0,0,0,0,0,1,1,"SO",0,1
"OK",4,"R",1949,"M",0.324,0.4,6,7,8,8,9,10,58000,0,68750,0,31200,2793,49000,3950,86500,3000,2500,0,0,0,0,0,1,1,"SO",0,1
"OR",1,"D",1954,"F",0.396,0.41,2,3,4,4,5,6,1500,0,2750,0,2500,0,2500,0,1000,0,6250,0,0,0,0,0,1,1,"WE",0,1
"OR",3,"D",1948,"M",0.427,0.641,10,11,12,12,13,14,5750,7750,8250,8950,14750,9125,14500,9225,750,0,250,500,0,0,0,0,1,1,"WE",0,1
"OR",4,"D",1947,"M",0.427,0.002,14,15,16,16,17,18,2500,500,250,0,4050,0,2575,0,6500,0,14500,0,0,0,0,0,1,1,"WE",0,1
"OR",5,"D",1951,"M",0.182,0.054,3,4,5,5,6,7,5000,1050,29750,0,29000,0,38500,0,43000,0,55500,0,0,0,0,0,1,1,"WE",0,1
"PA",NA,"R",1948,"M",0.373,0.41,2,3,4,4,5,6,65750,0,30850,2700,32800,2700,40800,5400,53738,0,19900,0,0,0,0,0,1,1,"NE",0,1
"PA",NA,"R",1962,"M",0.677,0.461,1,2,3,3,4,5,9500,0,22500,0,23200,0,32200,0,13200,3500,3133,0,0,0,0,0,1,1,"NE",0,1
"PA",NA,"R",1959,"M",0.331,0.357,3,4,5,5,6,7,34630,0,36000,0,33100,0,34600,0,20550,0,15100,0,0,0,0,0,1,1,"NE",0,1
"PA",NA,"D",1953,"M",0.331,0.099,10,11,12,12,13,14,37500,0,42000,0,6000,2700,13000,5400,43000,0,8000,0,0,0,0,0,1,1,"NE",0,1
"PA",NA,"D",1961,"M",0.349,0.005,1,2,3,3,4,5,0,500,1000,0,5000,0,2500,1000,3000,0,6500,0,0,0,0,0,1,1,"NE",0,1
"RI",1,"D",1961,"M",0.389,0.262,2,3,4,4,5,6,2250,1000,500,1000,460,0,480,0,1055,0,1000,5800,0,0,0,0,1,1,"NE",0,1
"RI",2,"D",1964,"M",0.375,0.114,7,8,9,9,10,11,3050,0,5000,0,1300,0,1300,0,300,0,2000,0,0,0,0,0,1,1,"NE",0,1
"SC",2,"R",1947,"M",0.531,0.147,7,8,9,9,10,11,8500,0,14750,0,25400,2700,19400,2700,7500,0,3500,0,0,0,0,0,1,1,"SO",0,1
"SC",3,"R",1966,"M",0.701,0.1,2,3,4,4,5,6,20610,0,7000,0,31000,1000,36500,2000,22000,0,13500,0,0,0,0,0,1,1,"SO",0,1
"SC",6,"D",1940,"M",0.465,0.25,11,12,13,13,14,15,52000,1500,55500,0,43000,0,45500,0,59300,0,83000,0,0,0,0,0,1,1,"SO",0,1
"SC",7,"R",1957,"M",0.558,0.217,1,2,3,3,4,5,11500,0,28750,0,33200,0,22700,2000,13500,0,20150,0,0,0,0,0,1,1,"SO",0,1
"TN",3,"R",1962,"M",0.434,0.406,2,3,4,4,5,6,14000,6700,20000,0,10000,0,13500,0,15800,0,15500,0,0,0,0,0,1,1,"SO",0,1
"TN",4,"R",1964,"M",0.581,0.046,2,3,4,4,5,6,500,0,10650,0,0,0,0,0,6100,0,NA,NA,0,0,0,0,1,1,"SO",0,1
"TN",5,"D",1954,"M",0.164,0.033,10,11,12,12,13,14,6700,0,4750,0,5500,0,3000,0,3500,0,21900,0,0,0,0,0,1,1,"SO",0,1
"TN",9,"D",1949,"M",0.392,0.326,4,5,6,6,7,8,1000,0,500,0,0,0,1000,0,0,0,0,0,0,0,0,0,1,1,"SO",0,1
"TX",1,"R",1953,"M",0.644,0.406,5,6,7,7,8,9,16700,0,10950,0,10250,0,16950,0,6050,0,0,0,0,0,0,0,1,1,"SO",0,1
"TX",8,"R",1955,"M",0.52,0.239,9,10,11,11,12,13,110050,1000,185000,3000,136850,6000,136000,6000,98500,0,22700,0,0,0,0,0,1,1,"SO",1,0
"TX",9,"D",1947,"M",0.443,0.29,5,6,7,7,8,9,0,0,2000,0,0,0,0,0,1500,0,0,0,0,0,0,0,1,1,"SO",0,1
"TX",10,"R",1962,"M",0.416,0.144,5,6,7,7,8,9,50350,0,58950,0,38550,250,57800,250,50088,1000,25009,0,0,0,0,0,1,1,"SO",0,1
"TX",12,"R",1943,"F",0.404,0.235,9,10,11,11,12,13,25700,0,43250,1000,39100,0,36600,0,39100,0,4000,0,0,0,0,0,1,1,"SO",0,1
"TX",14,"R",1953,"M",0.73,0.017,1,2,3,3,4,5,32250,0,26250,0,52500,500,46100,500,11500,0,1000,0,0,0,0,0,1,1,"SO",0,1
"TX",18,"D",1950,"F",0.46,0.125,10,11,12,12,13,14,2500,0,5000,0,4300,0,2300,0,3050,0,1500,0,0,0,0,0,1,1,"SO",0,1
"TX",20,"D",1974,"M",0.404,0.071,1,2,3,3,4,5,16000,0,7300,0,4200,0,4050,50,NA,NA,0,0,0,0,0,0,1,1,"SO",0,1
"TX",25,"R",1949,"M",0.595,0.063,1,2,3,3,4,5,58800,0,32300,0,18350,0,10850,0,62588,0,32959,0,0,0,0,0,1,1,"SO",0,1
"TX",26,"R",1950,"M",0.567,0.185,6,7,8,8,9,10,34900,0,15500,0,13000,0,14000,0,9100,0,5750,0,0,0,0,0,1,1,"SO",0,1
"TX",30,"D",1935,"F",0.485,0.198,11,12,13,13,14,15,2000,0,1000,0,0,0,0,0,3500,0,NA,NA,0,0,0,0,1,1,"SO",0,1
"TX",31,"R",1941,"M",0.485,0.565,6,7,8,8,9,10,18000,0,28000,0,14000,0,32500,1000,24522,0,14012,0,0,0,0,0,1,1,"SO",0,1
"TX",NA,"R",1955,"M",0.588,0.149,9,10,11,11,11,12,61950,500,45000,0,50400,9600,72900,9600,NA,NA,11600,0,0,0,0,0,1,1,"SO",1,0
"TX",NA,"D",1946,"M",0.402,0.322,10,11,12,12,13,14,2000,2250,0,0,2700,0,2700,0,0,0,2900,0,0,0,0,0,1,1,"SO",0,1
"UT",2,"R",1960,"M",0.499,0.167,1,2,3,3,4,5,18250,0,42000,0,16150,0,21650,0,6500,0,2000,0,0,0,0,0,1,1,"WE",0,1
"VT",0,"D",NA,NA,NA,NA,NA,NA,NA,NA,NA,NA,NA,NA,NA,NA,NA,NA,NA,NA,NA,NA,NA,NA,0,0,0,0,1,1,"NE",0,1
"VA",1,"R",1959,"M",0.451,0.001,4,5,6,6,7,8,2500,1000,9000,0,19000,0,22500,0,30988,0,8000,0,0,0,0,0,1,1,"SO",0,1
"VA",3,"D",1947,"M",0.45,0.012,11,12,13,13,14,15,5000,0,4000,0,3000,0,5250,0,5000,0,250,0,0,0,0,0,1,1,"SO",0,1
"VA",9,"R",1958,"M",0.52,0.365,2,3,4,4,5,6,33000,0,49050,0,41000,0,55950,2000,44000,0,8000,0,0,0,0,0,1,1,"SO",0,1
"VA",11,"D",1950,"M",0.307,0.038,3,4,5,5,6,7,4000,0,4000,1000,6500,0,7500,0,5750,0,6800,0,0,0,0,0,1,1,"SO",0,1
"WA",1,"D",1962,"F",0.292,0.19,2,3,4,4,5,6,10550,0,5990,0,3185,0,7685,500,4000,0,1500,0,0,0,0,0,1,1,"WE",0,1
"WA",2,"D",1965,"M",0.365,0.178,7,8,9,9,10,11,6500,0,15000,0,5000,0,8500,0,11500,0,20000,0,0,0,0,0,1,1,"WE",0,1
"WA",3,"R",1978,"F",0.336,0.129,2,3,4,4,5,6,14495,0,4770,0,9500,0,9750,0,16988,250,21783,0,0,0,0,0,1,1,"WE",1,0
"WA",5,"R",1969,"F",0.432,0.11,5,6,7,7,8,9,46710,1750,73990,6000,95814,5000,97924,6000,66838,0,137398,0,0,0,0,0,1,1,"WE",0,1
"WA",6,"D",1974,"M",0.312,0.009,1,2,3,3,4,5,6500,1000,4500,0,9750,0,9775,0,7175,0,7600,0,0,0,0,0,1,1,"WE",0,1
"WA",9,"D",1965,"M",0.288,0.165,9,10,11,11,12,13,6325,0,3500,0,3500,0,7000,0,8800,6000,6400,0,0,0,0,0,1,1,"WE",0,1
"WV",1,"R",1947,"M",0.3,0.178,2,3,4,4,5,6,109600,0,45200,0,59175,3700,59375,4700,35700,0,4000,0,0,0,0,0,1,1,"SO",0,1
"WI",2,"D",1964,"M",0.531,0.561,1,2,3,3,4,5,12600,500,3500,0,10000,0,15500,0,2000,0,1000,0,0,0,0,0,1,1,"MW",0,1
"WI",3,"D",1963,"M",0.26,0.08,9,10,11,11,12,13,13250,3000,9000,0,16500,500,10500,500,10750,0,12000,3400,0,0,0,0,1,1,"MW",0,1
"WI",4,"D",1951,"F",0.526,0.258,5,6,7,7,8,9,1000,0,4500,0,2000,0,2000,0,4000,0,2500,0,0,0,0,0,1,1,"MW",0,1
"AL",6,"R",1954,"M",0.679,0.102,0,1,2,2,3,4,NA,NA,9000,0,8750,1000,7250,0,9000,0,17300,0,0,0,0,0,1,1,"SO",1,0
"AZ",NA,"D",1979,"M",0.418,0.069,0,1,2,2,3,4,NA,NA,7050,5100,5050,0,3500,10000,37500,0,13000,0,0,0,0,0,1,1,"WE",0,1
"AR",2,"R",1956,"M",0.437,0.27,0,1,2,2,3,4,NA,NA,18500,0,22400,0,24550,1500,30838,0,23733,0,0,0,0,0,1,1,"SO",1,0
"AR",4,"R",1967,"M",0.55,0.305,0,1,2,2,3,4,NA,NA,17850,0,40900,1000,38450,1000,16000,0,29400,0,0,0,0,0,1,1,"SO",1,0
"CA",NA,"D",1952,"M",0.523,0.372,0,1,2,2,3,4,NA,NA,2500,0,2000,1700,6050,1600,6150,0,1100,0,0,0,0,0,1,1,"WE",0,1
"CA",NA,"D",1979,"M",0.31,0.141,0,1,2,2,3,4,NA,NA,9925,45,13440,750,11219,750,23231,0,9800,0,0,0,0,0,1,1,"WE",0,1
"CA",NA,"D",1969,"M",0.374,0.229,0,1,2,2,3,4,NA,NA,9000,0,3650,0,5150,0,5750,0,7400,0,0,0,0,0,1,1,"WE",0,1
"CA",35,"D",1965,"F",0.363,0.046,0,1,2,2,3,4,NA,NA,1000,0,2750,0,2750,0,6500,0,2250,0,0,0,0,0,1,1,"WE",0,1
"CO",4,"R",1959,"M",0.656,0.431,0,1,2,2,3,4,NA,NA,22500,2500,20950,6400,23750,6400,2000,0,2010,0,0,0,0,0,1,1,"WE",1,0
"GA",1,"R",1957,"M",0.562,0.317,0,1,2,2,3,4,NA,NA,11100,0,30000,0,30800,2000,29300,0,2250,0,0,0,0,0,1,1,"SO",1,0
"GA",10,"R",1960,"M",0.797,0.242,0,1,2,2,3,4,NA,NA,2500,0,6000,1500,7500,1000,1500,0,0,0,0,0,0,0,1,1,"SO",1,0
"GA",11,"R",1963,"M",0.682,0.003,0,1,2,2,3,4,NA,NA,14875,0,13500,0,11500,0,6300,0,0,0,0,0,0,0,1,1,"SO",1,0
"GA",12,"R",1951,"M",0.692,0.291,0,1,2,2,3,4,NA,NA,7450,350,6000,0,3500,0,1500,0,1250,0,0,0,0,0,1,1,"SO",1,0
"IL",12,"R",1960,"M",0.384,0.031,0,1,2,2,3,4,NA,NA,38950,0,55080,11700,65273,11700,33888,0,5500,0,0,0,0,0,1,1,"MW",1,0
"IL",NA,"R",1968,"M",0.458,0.217,0,1,2,2,3,4,NA,NA,46400,7200,36150,13700,36150,8700,43350,0,58900,0,0,0,0,0,1,1,"MW",1,0
"LA",6,"R",1972,"M",0.43,0.029,0,1,2,2,3,4,NA,NA,112499,2700,57450,6400,99946,6400,62400,0,18500,0,0,0,0,0,1,1,"SO",1,0
"MA",5,"D",1963,"F",0.482,0.316,1,2,3,3,4,5,7200,250,2000,0,5000,0,4500,0,4800,0,0,0,0,0,0,0,1,1,"NE",0,1
"MA",6,"D",1978,"M",0.282,0.044,0,1,2,2,3,4,NA,NA,1000,150,0,0,1100,0,1750,250,0,0,0,0,0,0,1,1,"NE",0,1
"MI",NA,"R",1961,"M",0.45,0.169,0,1,2,2,3,4,NA,NA,9500,0,20900,0,22400,0,9500,0,14000,0,0,0,0,0,1,1,"MW",1,0
"MI",NA,"D",1953,"F",0.404,0.157,0,1,2,2,3,4,NA,NA,10000,250,12500,250,15000,550,26400,0,14850,0,0,0,0,0,1,1,"MW",0,1
"MI",14,"D",1954,"F",0.448,0.039,0,1,2,2,3,4,NA,NA,7500,0,6500,0,16500,0,11000,0,5000,0,0,0,0,0,1,1,"MW",0,1
"MN",6,"R",1961,"M",0.468,0.09,0,1,2,2,3,4,NA,NA,5900,0,13700,11803,16200,10010,15800,0,9900,0,0,0,0,0,1,1,"MW",1,0
"MS",1,"R",1966,"M",0.637,0.273,0,1,2,2,3,4,NA,NA,10200,0,8100,0,7200,0,9250,0,NA,NA,0,0,0,0,1,1,"SO",1,0
"NJ",1,"D",1958,"M",0.421,0.328,1,2,3,3,4,5,0,0,32736,0,10999,250,18249,250,25300,0,6900,0,0,0,0,0,1,1,"NE",0,1
"NJ",12,"D",1945,"F",0.608,0.193,0,1,2,2,3,4,NA,NA,2000,1500,3000,0,4500,0,4500,0,2500,0,0,0,0,0,1,1,"NE",0,1
"NY",1,"R",1980,"M",0.397,0.129,0,1,2,2,3,4,NA,NA,13150,300,18080,0,17375,0,47988,0,2463,0,0,0,0,0,1,1,"NE",1,0
"NY",4,"D",1965,"F",0.28,0.039,0,1,2,2,3,4,NA,NA,3500,1000,6100,500,2700,500,2250,0,4000,0,0,0,0,0,1,1,"NE",0,1
"NY",24,"R",1962,"M",0.185,0.013,0,1,2,2,3,4,NA,NA,48050,0,30543,250,59295,5287,29071,0,23670,0,0,0,0,0,1,1,"NE",0,1
"NC",7,"R",1972,"M",0.564,0.247,0,1,2,2,3,4,NA,NA,14350,0,24500,1000,25500,3000,19988,0,2500,0,0,0,0,0,1,1,"SO",1,0
"NC",12,"D",1946,"F",0.468,0.017,1,2,3,3,4,5,0,0,3750,0,6500,0,8000,0,6500,0,4500,0,0,0,0,0,1,1,"SO",0,1
"OH",8,"R",1970,"M",0.659,0.355,0,1,2,2,3,4,NA,NA,4000,0,2500,0,2500,0,0,0,2500,0,0,0,0,0,1,1,"MW",1,0
"PA",NA,"D",1977,"M",0.391,0.139,0,1,2,2,3,4,NA,NA,9500,0,5000,0,3500,0,2000,0,4500,0,0,0,0,0,1,1,"NE",0,1
"TX",36,"R",1948,"M",0.711,0.074,0,1,2,2,3,4,NA,NA,19800,1000,26100,0,32550,1000,19500,0,6900,0,0,0,0,0,1,1,"SO",1,0
"VA",8,"D",1950,"M",0.385,0.095,0,1,2,2,3,4,NA,NA,16450,1000,12200,1000,16700,1250,11400,5600,4275,3800,0,0,0,0,1,1,"SO",0,1
"WA",4,"R",1955,"M",0.316,0.347,0,1,2,2,3,4,NA,NA,23000,250,21700,2140,23200,2140,7250,1000,42050,0,0,0,0,0,1,1,"WE",1,0
"WV",2,"R",1971,"M",0.564,0.222,0,1,2,2,3,4,NA,NA,14100,250,26800,2000,25300,1250,23988,0,3850,0,0,0,0,0,1,1,"SO",1,0
"WI",6,"R",1955,"M",0.599,0.225,0,1,2,2,3,4,NA,NA,17010,250,22400,750,18550,750,13011,0,8500,0,0,0,0,0,1,1,"MW",1,0
"AZ",1,"D",1946,"M",0.198,0.18,0,0,1,1,2,3,NA,NA,NA,NA,16060,400,11060,400,11750,0,19300,0,0,0,0,0,1,1,"WE",0,1
"AZ",5,"R",1958,"M",0.827,0.562,0,0,1,1,2,3,NA,NA,NA,NA,17900,0,16900,0,27250,0,5000,0,0,0,0,0,1,1,"WE",1,0
"CA",17,"D",1976,"M",0.504,0.255,0,0,1,1,2,3,NA,NA,NA,NA,0,27,0,52,2257,0,4331,1000,0,0,0,0,1,1,"WE",0,1
"CA",NA,"D",1969,"M",0.288,0.126,0,0,1,1,2,3,NA,NA,NA,NA,15000,0,18500,0,4500,0,7750,3400,0,0,0,0,1,1,"WE",0,1
"CA",24,"D",1964,"M",0.31,0.101,0,0,1,1,2,3,NA,NA,NA,NA,7975,118,8975,118,4250,0,11000,0,0,0,0,0,1,1,"WE",0,1
"CA",34,"D",1974,"M",0.542,0.302,0,0,1,1,2,3,NA,NA,NA,NA,2500,0,2500,0,8500,0,14500,0,0,0,0,0,1,1,"WE",0,1
"CA",44,"D",1976,"F",0.506,0.105,0,0,1,1,2,3,NA,NA,NA,NA,4500,115,4500,96,3000,0,3500,0,0,0,0,0,1,1,"WE",0,1
"CA",46,"D",1958,"M",0.29,0.234,0,0,1,1,2,3,NA,NA,NA,NA,14000,0,15500,0,19000,0,16500,0,0,0,0,0,1,1,"WE",0,1
"DE",0,"D",1962,"F",0.347,0.153,0,0,1,1,2,3,NA,NA,NA,NA,5500,0,7500,0,12500,0,19500,2500,0,0,0,0,1,1,"SO",0,1
"FL",2,"R",1953,"M",0.503,0.371,0,0,1,1,2,3,NA,NA,NA,NA,6500,0,6500,0,2500,0,2500,0,0,0,0,0,1,1,"SO",1,0
"FL",NA,"R",1952,"M",0.426,0.068,0,0,1,1,2,3,NA,NA,NA,NA,3700,0,5700,0,3500,0,1000,0,0,0,0,0,1,1,"SO",1,0
"FL",5,"D",1948,"M",0.26,0.076,0,0,1,1,2,3,NA,NA,NA,NA,3000,0,4000,0,1500,0,2500,0,0,0,0,0,1,1,"SO",0,1
"FL",7,"D",1978,"F",0.161,0.123,0,0,1,1,2,3,NA,NA,NA,NA,7400,1200,6500,1200,7550,1000,35650,0,0,0,0,0,1,1,"SO",0,1
"FL",9,"D",1978,"M",0.361,0.167,0,0,1,1,2,3,NA,NA,NA,NA,6000,0,13600,0,2500,0,6000,0,0,0,0,0,1,1,"SO",0,1
"FL",10,"D",1957,"F",0.322,0.006,0,0,1,1,2,3,NA,NA,NA,NA,4000,0,4000,0,3500,0,7132,500,0,0,0,0,1,1,"SO",0,1
"FL",13,"D",1956,"M",0.227,0.079,0,0,1,1,2,3,NA,NA,NA,NA,1500,250,2000,0,11200,0,4900,0,0,0,0,0,1,1,"SO",0,1
"FL",NA,"R",1980,"M",0.462,0.359,0,0,1,1,2,3,NA,NA,NA,NA,47987,6387,67084,6367,24407,0,2906,0,0,0,0,0,1,1,"SO",0,1
"GA",3,"R",1966,"M",0.597,0.22,0,0,1,1,2,3,NA,NA,NA,NA,14350,0,14250,0,18200,0,24800,0,0,0,0,0,1,1,"SO",1,0
"IL",8,"D",1973,"M",0.328,0.03,0,0,1,1,2,3,NA,NA,NA,NA,22200,9950,11050,8950,32250,0,16949,1000,0,0,0,0,1,1,"MW",0,1
"IN",3,"R",1979,"M",0.651,0.058,0,0,1,1,2,3,NA,NA,NA,NA,16000,0,13500,0,11000,0,6000,0,0,0,0,0,1,1,"MW",1,0
"IN",9,"R",1983,"M",0.417,0.243,0,0,1,1,2,3,NA,NA,NA,NA,18500,8500,17000,8500,11000,0,12500,0,0,0,0,0,1,1,"MW",1,0
"KS",4,"R",1956,"M",0.643,0.058,0,0,1,1,2,3,NA,NA,NA,NA,35200,5400,43650,15800,63350,0,47200,0,0,0,0,0,1,1,"MW",1,0
"KY",1,"R",1972,"M",0.595,0.039,0,1,2,2,3,4,NA,NA,29450,0,8500,2500,7500,2500,15500,5000,9500,0,0,0,0,0,1,1,"SO",1,0
"LA",3,"R",1961,"M",0.627,0.31,0,0,1,1,2,3,NA,NA,NA,NA,21450,250,25950,250,10100,0,10100,0,0,0,0,0,1,1,"SO",1,0
"LA",4,"R",1972,"M",0.566,0.01,0,0,1,1,2,3,NA,NA,NA,NA,35200,0,48100,0,27950,0,17700,0,0,0,0,0,1,1,"SO",1,0
"MD",4,"D",1961,"M",0.344,0.063,0,0,1,1,2,3,NA,NA,NA,NA,1000,5000,11000,5000,16750,250,8000,0,0,0,0,0,1,1,"SO",0,1
"MD",8,"D",1962,"M",0.521,0.245,0,0,1,1,2,3,NA,NA,NA,NA,0,0,1000,0,0,0,1000,0,0,0,0,0,1,1,"SO",0,1
"MI",1,"R",1947,"M",0.436,0.079,0,0,1,1,2,3,NA,NA,NA,NA,29750,0,31750,0,22511,0,6750,0,0,0,0,0,1,1,"MW",1,0
"NE",2,"R",1963,"M",0.294,0.156,0,0,1,1,2,3,NA,NA,NA,NA,42527,10287,48620,10287,11996,1000,5670,0,0,0,0,0,1,1,"MW",1,0
"NJ",5,"D",1975,"M",0.158,0.223,0,0,1,1,2,3,NA,NA,NA,NA,31500,6500,37200,6770,21100,0,12013,0,0,0,0,0,1,1,"NE",0,1
"NY",3,"D",1962,"M",0.219,0.087,0,0,1,1,2,3,NA,NA,NA,NA,1000,0,2000,0,4500,0,2500,0,0,0,0,0,1,1,"NE",0,1
"NY",13,"D",1954,"M",0.583,0.21,0,0,1,1,2,3,NA,NA,NA,NA,2500,0,4000,0,0,0,0,0,0,0,0,0,1,1,"NE",0,1
"NY",NA,"R",1961,"F",0.456,0.032,0,0,1,1,1,2,NA,NA,NA,NA,27868,5400,54120,5400,NA,NA,30770,0,0,0,0,0,1,1,"NE",1,0
"NC",13,"R",NA,NA,NA,NA,NA,NA,NA,NA,NA,NA,NA,NA,NA,NA,NA,NA,NA,NA,NA,NA,NA,NA,0,0,0,0,1,1,"SO",1,0
"PA",NA,"D",1954,"M",0.47,0.135,0,1,2,2,3,4,NA,NA,13300,5400,2175,0,2275,0,3500,0,3000,0,0,0,0,0,1,1,"NE",0,1
"PA",NA,"R",1973,"M",0.142,0.122,0,0,1,1,2,3,NA,NA,NA,NA,39553,5287,48896,5287,33350,0,24860,0,0,0,0,0,1,1,"NE",0,1
"PA",NA,"R",1964,"M",0.45,0.112,0,0,1,1,2,3,NA,NA,NA,NA,41608,5287,47051,5287,24000,0,500,0,0,0,0,0,1,1,"NE",1,0
"SC",5,"R",1953,"M",0.848,0.367,0,0,1,1,2,3,NA,NA,NA,NA,13100,0,14300,1000,6000,0,5000,0,0,0,0,0,1,1,"SO",1,0
"TN",8,"R",1966,"M",0.535,0.372,0,0,1,1,2,3,NA,NA,NA,NA,7700,0,23200,0,6000,0,1000,0,0,0,0,0,1,1,"SO",1,0
"TX",19,"R",1972,"M",0.642,0.003,0,0,1,1,2,3,NA,NA,NA,NA,28000,5000,29000,5000,54178,2500,18198,0,0,0,0,0,1,1,"SO",1,0
"VA",4,"D",1961,"M",0.381,0.017,0,0,1,1,2,3,NA,NA,NA,NA,6000,2500,8500,2500,19500,250,39800,0,0,0,0,0,1,1,"SO",0,1
"WA",7,"D",1965,"F",0.646,0.466,0,0,1,1,2,3,NA,NA,NA,NA,1350,690,2000,352,0,1000,0,0,0,0,0,0,1,1,"WE",0,1
"WI",8,"R",1984,"M",0.438,0.004,0,0,1,1,2,3,NA,NA,NA,NA,31100,800,34600,800,28750,0,23000,0,0,0,0,0,1,1,"MW",1,0
"WY",0,"R",1966,"F",0.405,0.82,0,0,1,1,2,3,NA,NA,NA,NA,19000,0,25500,0,61100,0,128300,0,0,0,0,0,1,1,"WE",1,0
"PA",NA,"D",1984,"M",0.143,0.212,0,0,1,1,2,3,NA,NA,NA,NA,26250,9595,20050,12295,14500,0,11750,0,0,0,0,0,1,1,"NE",0,1
"UT",3,"R",1960,"M",0.448,0.156,0,0,1,1,2,3,NA,NA,NA,NA,22100,0,24100,0,16000,2000,31500,1000,0,0,0,0,1,1,"WE",1,0
"AZ",NA,"D",1970,"M",0.284,0.247,0,0,0,0,1,2,NA,NA,NA,NA,NA,NA,NA,NA,8500,0,11000,0,0,0,0,0,1,1,"WE",0,1
"CA",NA,"D",1986,"M",0.352,0.572,0,0,0,0,1,2,NA,NA,NA,NA,NA,NA,NA,NA,6550,0,6300,3500,0,0,0,0,1,1,"WE",0,1
"CA",NA,"D",1974,"F",0.224,0.278,0,0,0,0,1,2,NA,NA,NA,NA,NA,NA,NA,NA,1385,0,4590,400,0,0,0,0,1,1,"WE",0,1
"CA",49,"D",1978,"M",0.338,0.156,0,0,0,0,1,2,NA,NA,NA,NA,NA,NA,NA,NA,8535,3635,8300,8300,0,0,0,0,1,1,"WE",0,1
"CO",2,"D",1984,"M",0.396,0.215,0,0,0,0,1,2,NA,NA,NA,NA,NA,NA,NA,NA,1010,0,0,0,0,0,0,0,1,1,"WE",0,1
"CO",6,"D",1979,"M",0.319,0.209,0,0,0,0,1,2,NA,NA,NA,NA,NA,NA,NA,NA,5600,0,7225,0,0,0,0,0,1,1,"WE",0,1
"CT",5,"D",1973,"F",0.316,0.132,0,0,0,0,1,2,NA,NA,NA,NA,NA,NA,NA,NA,0,0,0,0,0,0,0,0,1,1,"NE",0,1
"FL",17,"R",1978,"M",0.689,0.284,0,0,0,0,1,2,NA,NA,NA,NA,NA,NA,NA,NA,3500,0,0,0,0,0,0,0,1,1,"SO",1,0
"GA",NA,"D",1960,"F",0.322,0.258,0,0,0,0,1,2,NA,NA,NA,NA,NA,NA,NA,NA,3800,0,1183,0,0,0,0,0,1,1,"SO",0,1
"HI",1,"D",1952,"M",0.198,0.083,3,3,3,3,4,5,NA,NA,NA,NA,NA,NA,NA,NA,3500,0,1000,0,0,0,0,0,1,1,"WE",0,1
"IL",4,"D",1956,"M",0.43,0.893,0,0,0,0,1,2,NA,NA,NA,NA,NA,NA,NA,NA,1000,0,1000,0,0,0,0,0,1,1,"MW",0,1
"IL",6,"D",1971,"M",0.652,0.497,0,0,0,0,1,2,NA,NA,NA,NA,NA,NA,NA,NA,10600,5750,8800,100,0,0,0,0,1,1,"MW",0,1
"IL",14,"D",1986,"F",0.58,0.449,0,0,0,0,1,2,NA,NA,NA,NA,NA,NA,NA,NA,0,0,1050,500,0,0,0,0,1,1,"MW",0,1
"IN",4,"R",1945,"M",0.449,0.61,0,0,0,0,1,2,NA,NA,NA,NA,NA,NA,NA,NA,2000,0,0,0,0,0,0,0,1,1,"MW",1,0
"IN",6,"R",1956,"M",0.506,0.151,0,0,0,0,1,2,NA,NA,NA,NA,NA,NA,NA,NA,22850,0,6052,0,0,0,0,0,1,1,"MW",1,0
"IA",3,"D",1965,"F",0.25,0.528,0,0,0,0,1,2,NA,NA,NA,NA,NA,NA,NA,NA,8600,1000,10860,2500,0,0,0,0,1,1,"MW",0,1
"KS",3,"D",1980,"F",0.269,0.267,0,0,0,0,1,2,NA,NA,NA,NA,NA,NA,NA,NA,3250,1000,1250,0,0,0,0,0,1,1,"MW",0,1
"ME",2,"D",1982,"M",0.11,0.374,0,0,0,0,1,2,NA,NA,NA,NA,NA,NA,NA,NA,1250,0,7708,150,0,0,0,0,1,1,"NE",0,1
"MA",3,"D",1973,"F",0.421,0.174,0,0,0,0,1,2,NA,NA,NA,NA,NA,NA,NA,NA,1250,0,4250,500,0,0,0,0,1,1,"NE",0,1
"MA",7,"D",1974,"F",0.349,0.937,0,0,0,0,1,2,NA,NA,NA,NA,NA,NA,NA,NA,800,0,0,0,0,0,0,0,1,1,"NE",0,1
"MI",NA,"D",1976,"F",0.321,0.738,0,0,0,0,1,2,NA,NA,NA,NA,NA,NA,NA,NA,9900,0,6000,500,0,0,0,0,1,1,"MW",0,1
"MI",9,"D",1960,"M",0.474,0.563,0,0,0,0,1,2,NA,NA,NA,NA,NA,NA,NA,NA,3500,0,9120,0,0,0,0,0,1,1,"MW",0,1
"MI",11,"D",1983,"F",0.378,0.284,0,0,0,0,1,2,NA,NA,NA,NA,NA,NA,NA,NA,14900,250,21050,250,0,0,0,0,1,1,"MW",0,1
"MI",NA,"D",1976,"F",0.291,0.957,0,0,0,0,1,2,NA,NA,NA,NA,NA,NA,NA,NA,5800,0,4500,0,0,0,0,0,1,1,"MW",0,1
"MN",1,"R",1962,"M",0.477,0.345,0,0,0,0,1,2,NA,NA,NA,NA,NA,NA,NA,NA,20488,0,3133,0,0,0,0,0,1,1,"MW",1,0
"MN",2,"D",1972,"F",0.27,0.645,0,0,0,0,1,2,NA,NA,NA,NA,NA,NA,NA,NA,6500,0,4500,89,0,0,0,0,1,1,"MW",0,1
"MN",3,"D",1969,"M",0.28,0.181,0,0,0,0,1,2,NA,NA,NA,NA,NA,NA,NA,NA,0,250,250,0,0,0,0,0,1,1,"MW",0,1
"MN",5,"D",1981,"F",0.298,0.955,0,0,0,0,1,2,NA,NA,NA,NA,NA,NA,NA,NA,3512,0,0,0,0,0,0,0,1,1,"MW",0,1
"MN",8,"R",1966,"M",0.383,0.112,0,0,0,0,1,2,NA,NA,NA,NA,NA,NA,NA,NA,24788,0,44329,0,0,0,0,0,1,1,"MW",1,0
"MS",3,"R",1970,"M",0.528,0.1,0,0,0,0,1,2,NA,NA,NA,NA,NA,NA,NA,NA,19300,0,0,0,0,0,0,0,1,1,"SO",1,0
"NV",3,"D",1966,"F",0.235,0.31,0,0,0,0,1,2,NA,NA,NA,NA,NA,NA,NA,NA,7375,250,21175,250,0,0,0,0,1,1,"WE",0,1
"NH",1,"D",1980,"M",0.237,0.343,0,0,0,0,1,2,NA,NA,NA,NA,NA,NA,NA,NA,0,0,750,0,0,0,0,0,1,1,"NE",0,1
"NJ",2,"R",1953,"M",0.147,0.644,0,0,0,0,1,2,NA,NA,NA,NA,NA,NA,NA,NA,9000,0,NA,NA,0,0,0,0,1,1,"NE",0,1
"NJ",3,"D",1982,"M",0.357,0.288,0,0,0,0,1,2,NA,NA,NA,NA,NA,NA,NA,NA,1000,250,8700,250,0,0,0,0,1,1,"NE",0,1
"NJ",7,"D",1965,"M",0.272,0.121,0,0,0,0,1,2,NA,NA,NA,NA,NA,NA,NA,NA,11650,1000,18000,0,0,0,0,0,1,1,"NE",0,1
"NJ",11,"D",1972,"F",0.225,0.263,0,0,0,0,1,2,NA,NA,NA,NA,NA,NA,NA,NA,5000,0,21450,0,0,0,0,0,1,1,"NE",0,1
"NY",14,"D",1989,"F",0.299,0.954,0,0,0,0,1,2,NA,NA,NA,NA,NA,NA,NA,NA,642,0,2622,0,0,0,0,0,1,1,"NE",0,1
"NY",19,"D",1977,"M",0.233,0.277,0,0,0,0,1,2,NA,NA,NA,NA,NA,NA,NA,NA,2000,0,150,2900,0,0,0,0,1,1,"NE",0,1
"NY",25,"D",1957,"M",0.329,0.157,0,0,1,1,2,3,NA,NA,NA,NA,3700,500,5700,500,4500,0,8500,0,0,0,0,0,1,1,"NE",0,1
"ND",0,"R",1976,"M",0.449,0.101,0,0,0,0,1,2,NA,NA,NA,NA,NA,NA,NA,NA,41300,0,44000,0,0,0,0,0,1,1,"MW",1,0
"OH",12,"R",1962,"M",0.455,0.214,0,0,1,1,2,3,NA,NA,NA,NA,59750,5450,88850,17250,39188,0,23133,0,0,0,0,0,1,1,"MW",1,0
"OH",16,"R",1984,"M",0.24,0.315,0,0,0,0,1,2,NA,NA,NA,NA,NA,NA,NA,NA,29410,0,20300,0,0,0,0,0,1,1,"MW",1,0
"PA",4,"D",1959,"F",0.453,0.031,0,0,0,0,1,2,NA,NA,NA,NA,NA,NA,NA,NA,2000,0,1000,0,0,0,0,0,1,1,"NE",0,1
"PA",5,"D",1959,"F",0.475,0.082,0,0,1,1,2,3,NA,NA,NA,NA,2700,500,2700,500,0,0,1350,0,0,0,0,0,1,1,"NE",0,1
"PA",6,"D",1967,"F",0.275,0.322,0,0,0,0,1,2,NA,NA,NA,NA,NA,NA,NA,NA,2900,0,6900,0,0,0,0,0,1,1,"NE",0,1
"PA",7,"D",1957,"F",0.262,0.324,0,0,1,1,2,3,NA,NA,NA,NA,1750,0,2500,0,0,0,0,0,0,0,0,0,1,1,"NE",0,1
"PA",9,"R",1964,"M",0.494,0.248,0,0,0,0,1,2,NA,NA,NA,NA,NA,NA,NA,NA,4000,0,14510,0,0,0,0,0,1,1,"NE",1,0
"PA",12,"R",1965,"M",0.498,0.171,0,0,0,0,1,2,NA,NA,NA,NA,NA,NA,NA,NA,23950,0,1750,0,0,0,0,0,1,1,"NE",1,0
"PA",13,"R",1957,"M",0.569,0,0,0,0,0,1,2,NA,NA,NA,NA,NA,NA,NA,NA,12000,0,500,0,0,0,0,0,1,1,"NE",1,0
"PA",14,"R",1983,"M",0.437,0.063,0,0,0,0,1,2,NA,NA,NA,NA,NA,NA,NA,NA,58800,0,1500,0,0,0,0,0,1,1,"NE",1,0
"SC",4,"R",1984,"M",0.604,0.139,0,0,0,0,1,2,NA,NA,NA,NA,NA,NA,NA,NA,5000,0,13000,0,0,0,0,0,1,1,"SO",1,0
"SD",0,"R",1976,"M",0.462,0.142,0,0,0,0,1,2,NA,NA,NA,NA,NA,NA,NA,NA,14500,0,26800,0,0,0,0,0,1,1,"MW",1,0
"TN",2,"R",1964,"M",0.664,0.383,0,0,0,0,1,2,NA,NA,NA,NA,NA,NA,NA,NA,17000,0,10700,0,0,0,0,0,1,1,"SO",1,0
"TN",6,"R",1965,"M",0.668,0.105,0,0,0,0,1,2,NA,NA,NA,NA,NA,NA,NA,NA,1500,1000,3500,0,0,0,0,0,1,1,"SO",1,0
"TN",7,"R",1964,"M",0.671,0.015,0,0,0,0,1,2,NA,NA,NA,NA,NA,NA,NA,NA,10593,0,2000,0,0,0,0,0,1,1,"SO",1,0
"TX",2,"R",1984,"M",0.431,0.268,0,0,0,0,1,2,NA,NA,NA,NA,NA,NA,NA,NA,105988,2800,127689,250,0,0,0,0,1,1,"SO",1,0
"TX",3,"R",1972,"M",0.581,0.223,0,0,0,0,1,2,NA,NA,NA,NA,NA,NA,NA,NA,119474,8100,74788,2900,0,0,0,0,1,1,"SO",1,0
"TX",5,"R",1982,"M",0.746,0.066,0,0,0,0,1,2,NA,NA,NA,NA,NA,NA,NA,NA,33100,0,14300,0,0,0,0,0,1,1,"SO",1,0
"TX",7,"D",1975,"F",0.454,0.891,0,0,0,0,1,2,NA,NA,NA,NA,NA,NA,NA,NA,52650,250,101175,0,0,0,0,0,1,1,"SO",0,1
"TX",16,"D",1969,"F",0.466,0.316,0,0,0,0,1,2,NA,NA,NA,NA,NA,NA,NA,NA,1000,0,2000,0,0,0,0,0,1,1,"SO",0,1
"TX",21,"R",1972,"M",0.8,0.6,0,0,0,0,1,2,NA,NA,NA,NA,NA,NA,NA,NA,67588,0,70410,0,0,0,0,0,1,1,"SO",1,0
"TX",29,"D",1950,"F",0.797,0.454,0,0,0,0,1,2,NA,NA,NA,NA,NA,NA,NA,NA,16500,0,7000,0,0,0,0,0,1,1,"SO",0,1
"TX",32,"D",1983,"M",0.43,0.708,0,0,0,0,1,2,NA,NA,NA,NA,NA,NA,NA,NA,19735,0,28750,0,0,0,0,0,1,1,"SO",0,1
"VA",2,"D",1975,"F",0.206,0.426,0,0,0,0,1,2,NA,NA,NA,NA,NA,NA,NA,NA,2800,5600,7300,0,0,0,0,0,1,1,"SO",0,1
"VA",6,"R",1972,"M",0.72,0.202,0,0,0,0,1,2,NA,NA,NA,NA,NA,NA,NA,NA,9600,0,9300,0,0,0,0,0,1,1,"SO",1,0
"VA",7,"D",1979,"F",0.188,0.338,0,0,0,0,1,2,NA,NA,NA,NA,NA,NA,NA,NA,8860,0,6950,2900,0,0,0,0,1,1,"SO",0,1
"VA",10,"D",1968,"F",0.369,0.313,0,0,0,0,1,2,NA,NA,NA,NA,NA,NA,NA,NA,2800,0,2900,0,0,0,0,0,1,1,"SO",0,1
"WA",8,"D",1968,"F",0.288,0.449,0,0,0,0,1,2,NA,NA,NA,NA,NA,NA,NA,NA,3100,1000,900,2900,0,0,0,0,1,1,"WE",0,1
"WV",NA,"R",1950,"F",0.517,0.108,0,0,0,0,1,2,NA,NA,NA,NA,NA,NA,NA,NA,35000,0,2500,0,0,0,0,0,1,1,"SO",1,0
"WI",1,"R",1981,"M",0.414,0.068,0,0,0,0,1,2,NA,NA,NA,NA,NA,NA,NA,NA,23143,0,10500,0,0,0,0,0,1,1,"MW",1,0
"AL",2,"R",1976,"F",0.362,0.658,2,3,4,4,5,5,15000,0,9750,0,30600,0,58100,700,5500,0,NA,NA,0,0,0,0,1,1,"SO",1,0
"AZ",5,"R",1958,"M",0.673,0.272,4,5,5,5,5,5,21000,750,NA,NA,NA,NA,NA,NA,NA,NA,NA,NA,0,0,0,0,1,1,"WE",1,0
"AZ",8,"R",1957,"M",0.749,0.087,6,7,8,8,8,8,6100,0,7250,0,NA,NA,NA,NA,NA,NA,NA,NA,0,0,0,0,1,1,"WE",1,0
"CA",8,"R",1943,"M",0.372,0.208,1,2,3,3,4,4,8800,500,18400,0,17500,2700,17500,2700,9500,2800,NA,NA,0,0,0,0,1,1,"WE",1,0
"CA",10,"R",1967,"M",0.306,0.212,2,3,4,4,4,4,25950,0,100099,2500,125226,10687,121877,5287,NA,NA,NA,NA,0,0,0,0,1,1,"WE",1,0
"CA",17,"D",1941,"M",0.529,0.482,7,8,8,8,8,8,8550,1300,9700,110,NA,NA,NA,NA,NA,NA,NA,NA,0,0,0,0,1,1,"WE",0,1
"CA",20,"D",1941,"M",0.455,0.219,11,12,12,12,12,12,8100,1000,0,0,NA,NA,NA,NA,NA,NA,NA,NA,0,0,0,0,1,1,"WE",0,1
"CA",21,"R",NA,NA,NA,NA,NA,NA,NA,NA,NA,NA,NA,NA,NA,NA,NA,NA,NA,NA,NA,NA,NA,NA,0,0,0,0,1,1,"WE",1,0
"CA",24,"D",1938,"F",0.389,0.227,9,10,10,10,10,10,5500,0,0,0,NA,NA,NA,NA,NA,NA,NA,NA,0,0,0,0,1,1,"WE",0,1
"CA",34,"D",1958,"M",0.512,0.283,11,12,13,13,13,13,7000,1000,2500,0,0,0,0,0,NA,NA,NA,NA,0,0,0,0,1,1,"WE",0,1
"CA",39,"R",1951,"M",0.657,0.353,11,12,13,13,13,13,17500,0,23000,1000,1500,0,NA,NA,NA,NA,NA,NA,0,0,0,0,1,1,"WE",1,0
"CA",44,"D",1952,"F",0.39,0.376,2,3,3,3,3,3,3500,0,0,0,NA,NA,NA,NA,NA,NA,NA,NA,0,0,0,0,1,1,"WE",0,1
"CA",46,"D",1960,"F",0.367,0.025,9,10,10,10,10,10,8900,0,9450,100,NA,NA,NA,NA,NA,NA,NA,NA,0,0,0,0,1,1,"WE",0,1
"CA",48,"R",1947,"M",0.626,0.417,13,14,15,15,15,15,8200,1000,1000,0,16000,500,20500,500,NA,NA,NA,NA,0,0,0,0,1,1,"WE",1,0
"CA",50,"R",1976,"M",0.539,0.085,3,4,5,5,6,6,8100,0,26500,0,1000,0,1000,0,1500,0,NA,NA,0,0,0,0,1,1,"WE",1,0
"CA",53,"D",1944,"F",0.343,0.103,7,8,9,9,10,10,2600,0,2500,0,2000,0,2000,1000,0,0,NA,NA,0,0,0,0,1,1,"WE",0,1
"CO",2,"D",1975,"M",0.278,0.692,3,4,5,5,5,5,0,0,350,0,0,0,0,0,NA,NA,NA,NA,0,0,0,0,1,1,"WE",0,1
"CO",3,"R",1956,"M",0.451,0.023,2,3,4,4,5,5,68000,0,62850,0,29200,2800,29700,3050,19288,0,NA,NA,0,0,0,0,1,1,"WE",1,0
"CT",5,"D",1959,"F",0.315,0.078,1,2,3,3,3,3,3000,2600,9125,0,3725,0,2700,0,NA,NA,NA,NA,0,0,0,0,1,1,"NE",0,1
"DE",0,"D",1956,"M",0.256,0.142,2,3,3,3,3,3,5000,0,0,0,NA,NA,NA,NA,NA,NA,NA,NA,0,0,0,0,1,1,"SO",0,1
"FL",1,"R",1959,"M",0.633,0.155,7,8,8,8,8,8,9000,0,NA,NA,NA,NA,NA,NA,NA,NA,NA,NA,0,0,0,0,1,1,"SO",1,0
"FL",3,"R",1955,"M",0.704,0.365,1,2,3,3,4,4,3000,0,9900,0,3000,0,3000,0,1500,0,NA,NA,0,0,0,0,1,1,"SO",1,0
"FL",4,"R",1944,"M",0.333,0.337,7,8,8,8,8,8,2500,0,5000,0,NA,NA,NA,NA,NA,NA,NA,NA,0,0,0,0,1,1,"SO",1,0
"FL",5,"D",1946,"F",0.429,0.192,11,12,12,12,12,12,0,0,NA,NA,NA,NA,NA,NA,NA,NA,NA,NA,0,0,0,0,1,1,"SO",0,1
"FL",6,"R",1978,"M",0.663,0.105,1,2,3,3,3,3,10000,0,43125,0,2700,0,0,0,NA,NA,NA,NA,0,0,0,0,1,1,"SO",1,0
"FL",7,"R",1943,"M",0.453,0.137,11,12,12,12,12,12,23500,0,5800,0,NA,NA,NA,NA,NA,NA,NA,NA,0,0,0,0,1,1,"SO",1,0
"FL",9,"D",1958,"M",0.363,0.457,2,3,3,3,3,3,0,250,1231,100,NA,NA,NA,NA,NA,NA,NA,NA,0,0,0,0,1,1,"SO",0,1
"FL",11,"R",1951,"M",0.483,0.077,2,3,3,3,3,3,13750,0,0,0,NA,NA,NA,NA,NA,NA,NA,NA,0,0,0,0,1,1,"SO",1,0
"FL",15,"R",1959,"M",0.531,0.099,2,3,4,4,4,4,8500,0,9000,0,2000,0,2000,0,NA,NA,NA,NA,0,0,0,0,1,1,"SO",1,0
"FL",17,"R",1970,"M",0.458,0.013,3,4,5,5,5,5,5500,0,13000,0,NA,NA,NA,NA,NA,NA,NA,NA,0,0,0,0,1,1,"SO",1,0
"FL",18,"D",1983,"M",0.186,0.026,1,2,2,2,2,2,12400,0,3050,13075,NA,NA,NA,NA,NA,NA,NA,NA,0,0,0,0,1,1,"SO",0,1
"GA",3,"R",1950,"M",0.672,0.189,5,6,6,6,6,6,4500,0,0,0,NA,NA,NA,NA,NA,NA,NA,NA,0,0,0,0,1,1,"SO",1,0
"GA",5,"D",1940,"M",0.589,0.221,14,15,16,16,17,17,2750,0,2500,0,5604,200,3344,215,4670,0,NA,NA,0,0,0,0,1,1,"SO",0,1
"GA",6,"R",1954,"M",0.644,0.073,5,6,7,7,7,7,23500,0,14500,0,0,0,0,0,NA,NA,NA,NA,0,0,0,0,1,1,"SO",1,0
"GA",7,"R",1970,"M",0.593,0.173,2,3,4,4,5,5,4500,0,18000,0,14500,0,15500,0,3000,0,NA,NA,0,0,0,0,1,1,"SO",1,0
"GA",9,"R",1966,"M",0.61,0.134,1,2,3,3,4,4,12000,0,27450,0,9000,0,10500,0,11000,0,NA,NA,0,0,0,0,1,1,"SO",1,0
"GA",14,"R",1970,"M",0.716,0.002,3,4,5,5,6,6,8500,0,13750,0,22700,0,16000,0,23250,0,NA,NA,0,0,0,0,1,1,"SO",1,0
"HI",1,"D",1951,"F",0.37,0.004,2,3,4,4,4,4,21050,2500,250,0,0,0,0,0,NA,NA,NA,NA,0,0,0,0,1,1,"WE",0,1
"HI",2,"D",1981,"F",0.274,0.282,1,2,3,3,4,4,5300,5100,1250,3000,5051,650,240,677,10134,500,NA,NA,0,0,0,0,1,1,"WE",0,1
"ID",1,"R",1967,"M",0.735,0.571,2,3,4,4,4,4,2500,0,11200,0,0,0,0,0,NA,NA,NA,NA,0,0,0,0,1,1,"WE",1,0
"IL",3,"D",1966,"M",0.227,0.176,5,6,7,7,8,8,5000,0,3000,0,19900,1000,14900,0,23500,0,NA,NA,0,0,0,0,1,1,"MW",0,1
"IL",4,"D",1953,"M",0.487,0.26,11,12,13,13,13,13,0,0,5400,0,0,0,0,0,NA,NA,NA,NA,0,0,0,0,1,1,"MW",0,1
"IL",8,"D",NA,NA,NA,NA,NA,NA,NA,NA,NA,NA,NA,NA,NA,NA,NA,NA,NA,NA,NA,NA,NA,NA,0,0,0,0,1,1,"MW",0,1
"IL",14,"R",1966,"M",0.49,0.034,2,3,4,4,4,4,16000,250,22000,0,24500,0,28500,0,NA,NA,NA,NA,0,0,0,0,1,1,"MW",1,0
"IL",15,"R",1958,"M",0.375,0.154,9,10,11,11,12,12,106500,6000,215482,10600,88500,9750,116000,8500,103500,0,NA,NA,0,0,0,0,1,1,"MW",1,0
"IN",1,"D",1949,"M",0.402,0.244,14,15,16,16,17,17,8500,500,28000,1500,13500,2000,18000,0,7500,0,NA,NA,0,0,0,0,1,1,"MW",0,1
"IN",3,"R",1976,"M",0.742,0.119,3,4,4,4,4,4,12850,17600,63755,2000,NA,NA,NA,NA,NA,NA,NA,NA,0,0,0,0,1,1,"MW",1,0
"IN",4,"R",1970,"M",0.602,0.16,2,3,4,4,4,4,15100,500,16350,0,35700,5200,6000,3200,NA,NA,NA,NA,0,0,0,0,1,1,"MW",1,0
"IN",5,"R",1960,"F",0.352,0.217,1,2,3,3,4,4,4000,0,24700,5000,23050,8250,19050,8250,13000,0,NA,NA,0,0,0,0,1,1,"MW",1,0
"IN",6,"R",1969,"M",0.563,0.086,1,2,3,3,3,3,11100,0,28500,500,18900,500,6850,0,NA,NA,NA,NA,0,0,0,0,1,1,"MW",1,0
"IN",9,"R",NA,NA,NA,NA,NA,NA,NA,NA,NA,NA,NA,NA,NA,NA,NA,NA,NA,NA,NA,NA,NA,NA,0,0,0,0,1,1,"MW",1,0
"IA",2,"D",1952,"M",0.276,0.027,4,5,6,6,7,7,4750,0,4100,4500,7500,5000,9200,9500,12000,1000,NA,NA,0,0,0,0,1,1,"MW",0,1
"IA",4,"R",1949,"M",0.613,0.171,6,7,8,8,9,9,2000,0,5550,11800,1600,18593,1200,16800,0,0,NA,NA,0,0,0,0,1,1,"MW",1,0
"KS",1,"R",1968,"M",0.744,0.466,2,3,3,3,3,3,22550,500,10200,0,NA,NA,NA,NA,NA,NA,NA,NA,0,0,0,0,1,1,"MW",1,0
"KS",2,"R",1963,"F",0.523,0.004,3,4,5,5,5,5,102500,0,55750,2250,0,0,0,0,NA,NA,NA,NA,0,0,0,0,1,1,"MW",1,0
"KS",3,"R",1976,"M",0.558,0.03,2,3,4,4,4,4,32000,11900,10900,10000,54800,10000,43100,5000,NA,NA,NA,NA,0,0,0,0,1,1,"MW",1,0
"KS",4,"R",1963,"M",0.66,0.164,2,3,4,4,4,4,212050,12400,45750,0,0,0,0,0,NA,NA,NA,NA,0,0,0,0,1,1,"MW",1,0
"KY",1,"R",1943,"M",0.303,0.182,10,11,11,11,11,11,151000,6000,NA,NA,NA,NA,NA,NA,NA,NA,NA,NA,0,0,0,0,1,1,"SO",1,0
"LA",3,"R",1956,"M",0.392,0.308,5,6,6,6,6,6,65700,0,172737,1500,NA,NA,NA,NA,NA,NA,NA,NA,0,0,0,0,1,1,"SO",1,0
"LA",4,"R",1951,"M",0.59,0.022,3,4,4,4,4,4,62750,0,39550,500,NA,NA,NA,NA,NA,NA,NA,NA,0,0,0,0,1,1,"SO",1,0
"MD",4,"D",1958,"F",0.562,0.294,4,5,5,5,5,5,1000,0,460,1225,NA,NA,NA,NA,NA,NA,NA,NA,0,0,0,0,1,1,"SO",0,1
"MD",6,"D",1963,"M",0.276,0.041,1,2,3,3,3,3,7500,0,5500,0,2700,1000,0,0,NA,NA,NA,NA,0,0,0,0,1,1,"SO",0,1
"MD",7,"D",1951,"M",0.438,0.148,10,11,12,12,13,13,38800,0,9000,0,10000,0,5000,0,4500,0,NA,NA,0,0,0,0,1,1,"SO",0,1
"MD",8,"D",NA,NA,NA,NA,NA,NA,NA,NA,NA,NA,NA,NA,NA,NA,NA,NA,NA,NA,NA,NA,NA,NA,0,0,0,0,1,1,"SO",0,1
"MA",3,"D",1946,"F",0.396,0.199,4,5,6,6,6,6,0,0,1250,0,0,0,0,0,NA,NA,NA,NA,0,0,0,0,1,1,"NE",0,1
"MA",4,"D",1980,"M",0.421,0.206,1,2,3,3,4,4,5450,0,14400,0,11050,5650,9050,5650,6450,0,NA,NA,0,0,0,0,1,1,"NE",0,1
"MA",7,"D",1952,"M",0.58,0.082,8,9,10,10,10,10,0,0,1000,0,21400,5650,21400,5650,NA,NA,NA,NA,0,0,0,0,1,1,"NE",0,1
"MI",1,"R",1952,"M",0.491,0.15,2,3,3,3,3,3,64700,0,0,0,NA,NA,NA,NA,NA,NA,NA,NA,0,0,0,0,1,1,"MW",1,0
"MI",3,"R",1980,"M",0.654,0.757,2,3,4,4,5,5,2500,0,7100,0,NA,NA,5000,0,1250,0,NA,NA,0,0,0,0,1,1,"MW",1,0
"MI",9,"D",1931,"M",0.379,0.091,14,15,16,16,16,16,8500,1000,28500,2000,0,0,0,0,NA,NA,NA,NA,0,0,0,0,1,1,"MW",0,1
"MI",10,"R",1954,"F",0.343,0.001,6,7,7,7,7,7,16000,0,0,0,NA,NA,NA,NA,NA,NA,NA,NA,0,0,0,0,1,1,"MW",1,0
"MI",13,"D",1929,"M",0.658,0.512,14,15,16,16,16,16,6500,0,1000,0,0,0,0,0,NA,NA,NA,NA,0,0,0,0,1,1,"MW",0,1
"MN",1,"D",1964,"M",0.275,0.131,4,5,6,6,6,6,9500,2000,16500,2000,0,0,0,0,NA,NA,NA,NA,0,0,0,0,1,1,"MW",0,1
"MN",2,"R",1947,"M",0.49,0.154,6,7,7,7,7,7,10000,0,1000,0,NA,NA,NA,NA,NA,NA,NA,NA,0,0,0,0,1,1,"MW",1,0
"MN",3,"R",1965,"M",0.402,0.191,3,4,5,5,5,5,22800,0,36499,333,36300,8100,55401,8100,NA,NA,NA,NA,0,0,0,0,1,1,"MW",1,0
"MN",5,"D",1963,"M",0.537,0.58,4,5,6,6,6,6,2050,250,1680,0,890,640,3210,90,NA,NA,NA,NA,0,0,0,0,1,1,"MW",0,1
"MN",7,"D",1944,"M",0.148,0.712,12,13,14,14,15,15,7000,0,24200,0,18500,7500,14500,7500,12000,0,NA,NA,0,0,0,0,1,1,"MW",0,1
"MN",8,"D",1943,"M",0.372,0.372,1,2,3,3,3,3,9750,0,13650,0,1000,0,0,0,NA,NA,NA,NA,0,0,0,0,1,1,"MW",0,1
"MS",3,"R",1956,"M",0.384,0.48,3,4,5,5,5,5,84300,0,31400,0,2500,0,NA,NA,NA,NA,NA,NA,0,0,0,0,1,1,"SO",1,0
"MO",1,"D",NA,NA,NA,NA,NA,NA,NA,NA,NA,NA,NA,NA,NA,NA,NA,NA,NA,NA,NA,NA,NA,NA,0,0,0,0,1,1,"MW",0,1
"NV",3,"R",1961,"M",0.324,0.014,2,3,3,3,3,3,12500,0,213703,0,NA,NA,NA,NA,NA,NA,NA,NA,0,0,0,0,1,1,"WE",1,0
"NH",1,"D",1952,"F",0.315,0.131,3,3,4,4,4,4,500,0,NA,NA,0,0,0,0,NA,NA,NA,NA,0,0,0,0,1,1,"NE",0,1
"NJ",2,"R",1946,"M",0.211,0.224,10,11,12,12,12,12,4000,250,9000,0,NA,NA,NA,NA,NA,NA,NA,NA,0,0,0,0,1,1,"NE",1,0
"NJ",5,"R",1959,"M",0.688,0.243,6,7,7,7,7,7,19000,10400,12100,0,NA,NA,NA,NA,NA,NA,NA,NA,0,0,0,0,1,1,"NE",1,0
"NJ",11,"R",1946,"M",0.292,0.262,10,11,12,12,12,12,32480,500,20677,100,20356,0,4500,0,NA,NA,NA,NA,0,0,0,0,1,1,"NE",1,0
"NM",1,"D",1959,"F",0.313,0.047,1,2,3,3,3,3,9200,0,9500,3000,0,0,0,0,NA,NA,NA,NA,0,0,0,0,1,1,"WE",0,1
"NM",2,"R",1947,"M",0.472,0.064,5,6,7,7,7,7,92500,0,97406,0,2500,0,2500,0,NA,NA,NA,NA,0,0,0,0,1,1,"WE",1,0
"NM",3,"D",NA,NA,NA,NA,NA,NA,NA,NA,NA,NA,NA,NA,NA,NA,NA,NA,NA,NA,NA,NA,NA,NA,0,0,0,0,1,1,"WE",0,1
"NY",2,"R",1944,"M",0.259,0.03,11,12,13,13,14,14,2000,2000,6000,0,11400,0,15400,0,10511,0,NA,NA,0,0,0,0,1,1,"NE",1,0
"NY",3,"D",1958,"M",0.334,0.051,7,8,8,8,8,8,8500,8950,2000,0,NA,NA,NA,NA,NA,NA,NA,NA,0,0,0,0,1,1,"NE",0,1
"NY",13,"D",1930,"M",0.514,0.341,14,15,15,15,15,15,3000,0,0,0,NA,NA,NA,NA,NA,NA,NA,NA,0,0,0,0,1,1,"NE",0,1
"NY",14,"D",1962,"M",0.412,0.07,8,9,10,10,10,10,23000,9050,33000,35,33500,500,30000,1500,NA,NA,NA,NA,0,0,0,0,1,1,"NE",0,1
"NY",15,"D",1943,"M",0.491,0.377,13,14,15,15,16,16,0,0,0,0,0,0,0,0,1000,0,NA,NA,0,0,0,0,1,1,"NE",0,1
"NY",16,"D",1947,"M",0.408,0.093,13,14,15,15,16,16,2000,0,15000,1000,17200,2000,18400,2000,7000,0,NA,NA,0,0,0,0,1,1,"NE",0,1
"NY",17,"D",1937,"F",0.389,0.152,13,14,15,15,16,16,500,0,0,0,6200,0,6200,0,6700,0,NA,NA,0,0,0,0,1,1,"NE",0,1
"NY",18,"D",NA,NA,NA,NA,NA,NA,NA,NA,NA,NA,NA,NA,NA,NA,NA,NA,NA,NA,NA,NA,NA,NA,0,0,0,0,1,1,"NE",0,1
"NY",19,"R",NA,NA,NA,NA,NA,NA,NA,NA,NA,NA,NA,NA,NA,NA,NA,NA,NA,NA,NA,NA,NA,NA,0,0,0,0,1,1,"NE",0,1
"NY",25,"D",1929,"F",0.465,0.104,14,15,16,16,16,16,4500,2500,2000,0,2500,0,2500,0,NA,NA,NA,NA,0,0,0,0,1,1,"NE",0,1
"NY",27,"R",1950,"M",0.357,0.236,1,2,3,3,4,4,2000,0,33550,1000,18400,855,31900,355,0,0,NA,NA,0,0,0,0,1,1,"NE",1,0
"NC",2,"R",1964,"F",0.406,0.338,2,3,3,3,3,3,11000,0,30500,2000,NA,NA,NA,NA,NA,NA,NA,NA,0,0,0,0,1,1,"SO",1,0
"NC",9,"R",1948,"M",0.561,0.333,1,2,3,3,3,3,27000,1000,12800,0,18700,0,16200,0,NA,NA,NA,NA,0,0,0,0,1,1,"SO",1,0
"NC",11,"R",1959,"M",0.605,0.201,1,2,3,3,4,4,2500,0,6500,0,16000,0,13000,500,3850,0,NA,NA,0,0,0,0,1,1,"SO",1,0
"NC",13,"R",NA,NA,NA,NA,NA,NA,NA,NA,NA,NA,NA,NA,NA,NA,NA,NA,NA,NA,NA,NA,NA,NA,0,0,0,0,1,1,"SO",1,0
"ND",0,"R",NA,NA,NA,NA,NA,NA,NA,NA,NA,NA,NA,NA,NA,NA,NA,NA,NA,NA,NA,NA,NA,NA,0,0,0,0,1,1,"MW",1,0
"OH",12,"R",1962,"M",0.386,0.026,7,8,9,9,9,9,53150,0,45800,0,3500,0,2500,0,NA,NA,NA,NA,0,0,0,0,1,1,"MW",1,0
"OH",16,"R",1958,"M",0.387,0.143,2,3,4,4,4,4,29750,300,39480,1000,170825,2500,199675,2600,NA,NA,NA,NA,0,0,0,0,1,1,"MW",1,0
"OK",1,"R",1975,"M",0.689,0.157,1,2,3,3,3,3,10750,0,18000,0,0,0,0,0,NA,NA,NA,NA,0,0,0,0,1,1,"SO",1,0
"OR",2,"R",1957,"M",0.333,0.011,8,9,10,10,11,11,43250,2000,85850,0,133350,2000,190850,0,105000,0,NA,NA,0,0,0,0,1,1,"WE",1,0
"PA",1,"D",1945,"M",0.484,0.225,9,10,11,11,11,11,0,0,20275,0,0,0,250,0,NA,NA,NA,NA,0,0,0,0,1,1,"NE",0,1
"PA",8,"R",1963,"M",0.202,0.186,3,4,4,4,4,4,25900,3000,0,0,NA,NA,NA,NA,NA,NA,NA,NA,0,0,0,0,1,1,"NE",1,0
"PA",9,"R",1961,"M",0.374,0.323,7,8,9,9,9,9,106850,1000,127362,0,3000,0,NA,NA,NA,NA,NA,NA,0,0,0,0,1,1,"NE",1,0
"PA",10,"R",NA,NA,NA,NA,NA,NA,NA,NA,NA,NA,NA,NA,NA,NA,NA,NA,NA,NA,NA,NA,NA,NA,0,0,0,0,1,1,"NE",1,0
"PA",11,"R",1956,"M",0.278,0.393,2,3,4,4,4,4,13050,0,27000,0,86525,900,89505,900,NA,NA,NA,NA,0,0,0,0,1,1,"NE",1,0
"PA",12,"R",1962,"M",0.498,0.044,1,2,3,3,3,3,81850,0,45450,0,77200,1250,92799,1000,NA,NA,NA,NA,0,0,0,0,1,1,"NE",1,0
"PA",15,"R",1960,"M",0.244,0.085,5,6,7,7,7,7,56919,0,21500,0,0,0,0,0,NA,NA,NA,NA,0,0,0,0,1,1,"NE",1,0
"PA",16,"R",1939,"M",0.538,0.012,9,10,10,10,10,10,34000,0,0,0,NA,NA,NA,NA,NA,NA,NA,NA,0,0,0,0,1,1,"NE",1,0
"PA",18,"R",1952,"M",0.258,0.198,6,7,8,8,8,8,74250,0,53250,1000,0,0,0,0,NA,NA,NA,NA,0,0,0,0,1,1,"NE",1,0
"SC",4,"R",1964,"M",0.655,0.002,2,3,4,4,4,4,9500,0,15200,0,3750,0,2750,0,NA,NA,NA,NA,0,0,0,0,1,1,"SO",1,0
"SC",5,"R",1967,"M",0.75,0.592,2,3,4,4,4,4,15500,0,11500,0,0,0,0,0,NA,NA,NA,NA,0,0,0,0,1,1,"SO",1,0
"SD",0,"R",1971,"F",0.398,0.326,2,3,4,4,4,4,48650,6700,37950,1000,3500,0,0,0,NA,NA,NA,NA,0,0,0,0,1,1,"MW",1,0
"TN",1,"R",1945,"M",0.486,0.024,3,4,5,5,6,6,4500,0,500,0,3700,0,3700,0,500,0,NA,NA,0,0,0,0,1,1,"SO",1,0
"TN",2,"R",1947,"M",0.604,0.476,14,15,16,16,16,16,6500,0,4000,2000,0,0,0,0,NA,NA,NA,NA,0,0,0,0,1,1,"SO",1,0
"TN",6,"R",1951,"F",0.58,0.219,2,3,4,4,4,4,27625,0,23000,0,NA,NA,0,0,NA,NA,NA,NA,0,0,0,0,1,1,"SO",1,0
"TN",7,"R",NA,NA,NA,NA,NA,NA,NA,NA,NA,NA,NA,NA,NA,NA,NA,NA,NA,NA,NA,NA,NA,NA,0,0,0,0,1,1,"SO",1,0
"TN",8,"R",1973,"M",0.526,0.181,2,3,3,3,3,3,13000,0,0,0,NA,NA,NA,NA,NA,NA,NA,NA,0,0,0,0,1,1,"SO",1,0
"TX",2,"R",1948,"M",0.594,0.029,5,6,7,7,7,7,44250,0,34050,0,NA,NA,0,0,NA,NA,NA,NA,0,0,0,0,1,1,"SO",1,0
"TX",3,"R",1930,"M",0.61,0.277,12,13,14,14,14,14,18000,0,7000,1000,0,0,0,0,NA,NA,NA,NA,0,0,0,0,1,1,"SO",1,0
"TX",5,"R",1957,"M",0.703,0.04,6,7,8,8,8,8,22100,0,25650,0,0,0,0,0,NA,NA,NA,NA,0,0,0,0,1,1,"SO",1,0
"TX",6,"R",1949,"M",0.528,0.047,14,15,16,16,16,16,84500,0,63650,0,NA,NA,NA,NA,NA,NA,NA,NA,0,0,0,0,1,1,"SO",1,0
"TX",7,"R",1956,"M",0.503,0.366,7,8,9,9,9,9,36600,1000,60450,500,117127,4700,131320,6200,NA,NA,NA,NA,0,0,0,0,1,1,"SO",1,0
"TX",11,"R",NA,NA,NA,NA,NA,NA,NA,NA,NA,NA,NA,NA,NA,NA,NA,NA,NA,NA,NA,NA,NA,NA,0,0,0,0,1,1,"SO",1,0
"TX",13,"R",1958,"M",0.525,0.313,10,11,12,12,13,13,36875,1250,40825,8000,22475,300,29475,300,43075,0,NA,NA,0,0,0,0,1,1,"SO",1,0
"TX",15,"D",1940,"M",0.34,0.235,9,10,10,10,10,10,2000,0,0,0,NA,NA,NA,NA,NA,NA,NA,NA,0,0,0,0,1,1,"SO",0,1
"TX",16,"D",1972,"M",0.304,0.331,1,2,3,3,3,3,15500,0,0,0,142414,27909,189679,30422,NA,NA,NA,NA,0,0,0,0,1,1,"SO",0,1
"TX",17,"R",1954,"M",0.572,0.293,2,3,4,4,5,5,95050,10400,69650,0,64800,0,68300,0,57000,250,NA,NA,0,0,0,0,1,1,"SO",1,0
"TX",19,"R",1949,"M",0.628,0.322,6,7,7,7,7,7,21500,0,0,0,NA,NA,NA,NA,NA,NA,NA,NA,0,0,0,0,1,1,"SO",1,0
"TX",21,"R",1947,"M",0.425,0.061,14,15,16,16,16,16,50550,0,34300,0,NA,NA,0,0,NA,NA,NA,NA,0,0,0,0,1,1,"SO",1,0
"TX",22,"R",1962,"M",0.548,0.308,3,4,5,5,6,6,124200,0,137800,0,69478,0,91378,0,85188,0,NA,NA,0,0,0,0,1,1,"SO",1,0
"TX",24,"R",1951,"M",0.6,0.154,5,6,7,7,8,8,48715,0,47200,0,28000,0,26500,0,18761,0,NA,NA,0,0,0,0,1,1,"SO",1,0
"TX",27,"R",1961,"M",0.548,0.016,2,3,4,4,4,4,32100,0,26550,0,0,0,0,0,NA,NA,NA,NA,0,0,0,0,1,1,"SO",1,0
"UT",1,"R",1951,"M",0.537,0.105,6,7,8,8,9,9,23300,250,45666,0,24100,0,23100,0,NA,NA,NA,NA,0,0,0,0,1,1,"WE",1,0
"UT",3,"R",1967,"M",0.647,0.278,3,4,5,5,5,5,13250,0,16500,0,0,0,0,0,NA,NA,NA,NA,0,0,0,0,1,1,"WE",1,0
"VA",2,"R",NA,NA,NA,NA,NA,NA,NA,NA,NA,NA,NA,NA,NA,NA,NA,NA,NA,NA,NA,NA,NA,NA,0,0,0,0,1,1,"SO",1,0
"VA",4,"R",NA,NA,NA,NA,NA,NA,NA,NA,NA,NA,NA,NA,NA,NA,NA,NA,NA,NA,NA,NA,NA,NA,0,0,0,0,1,1,"SO",1,0
"VA",6,"R",1952,"M",0.496,0.002,11,12,13,13,13,13,24000,0,32950,0,0,0,0,0,NA,NA,NA,NA,0,0,0,0,1,1,"SO",1,0
"WA",7,"D",1936,"M",0.666,0.197,13,14,14,14,14,14,1250,0,0,0,NA,NA,NA,NA,NA,NA,NA,NA,0,0,0,0,1,1,"WE",0,1
"WA",10,"D",1952,"M",0.312,0.128,1,2,3,3,4,4,3500,0,3000,0,6500,250,6500,250,1000,0,NA,NA,0,0,0,0,1,1,"WE",0,1
"WI",5,"R",NA,NA,NA,NA,NA,NA,NA,NA,NA,NA,NA,NA,NA,NA,NA,NA,NA,NA,NA,NA,NA,NA,0,0,0,0,1,1,"MW",1,0
"WI",7,"R",1971,"M",0.511,0.109,2,3,4,4,5,5,23000,0,18850,0,22700,0,25200,0,13300,0,NA,NA,0,0,0,0,1,1,"MW",1,0
"WI",8,"R",1956,"M",0.603,0.333,2,3,3,3,3,3,20800,0,NA,NA,NA,NA,NA,NA,NA,NA,NA,NA,0,0,0,0,1,1,"MW",1,0
"AL",1,"R",1955,"M",0.61,0.25,1,2,3,3,4,4,4500,2600,17500,0,10000,0,14500,2700,39700,8000,NA,NA,0,0,0,0,1,1,"SO",1,0
"AZ",2,"R",NA,NA,NA,NA,NA,NA,NA,NA,NA,NA,NA,NA,NA,NA,NA,NA,NA,NA,NA,NA,NA,NA,0,0,0,0,1,1,"WE",1,0
"CA",45,"R",1962,"F",0.433,0.177,0,1,2,2,2,2,NA,NA,24500,2000,46500,0,43900,0,NA,NA,NA,NA,0,0,0,0,1,1,"WE",1,0
"FL",26,"R",1980,"M",0.211,0.185,0,1,2,2,2,2,NA,NA,44500,2750,32500,1000,23550,1000,NA,NA,NA,NA,0,0,0,0,1,1,"SO",0,1
"IA",1,"R",1955,"M",0.527,0.488,0,1,2,2,2,2,NA,NA,12300,1500,39523,8037,56773,13037,NA,NA,NA,NA,0,0,0,0,1,1,"MW",1,0
"IA",3,"R",1968,"M",0.442,0.038,0,1,2,2,2,2,NA,NA,21900,7000,38467,20787,58027,30787,NA,NA,NA,NA,0,0,0,0,1,1,"MW",1,0
"LA",5,"R",1954,"M",0.541,0.257,0,1,2,2,3,3,NA,NA,12000,0,10700,0,9200,0,0,0,NA,NA,0,0,0,0,1,1,"SO",1,0
"ME",2,"R",1953,"M",0.36,0.182,0,1,2,2,2,2,NA,NA,27250,2650,24500,3043,28100,1000,NA,NA,NA,NA,0,0,0,0,1,1,"NE",1,0
"MI",8,"R",1967,"M",0.451,0.095,0,1,2,2,2,2,NA,NA,23200,3504,58709,5537,76601,5287,NA,NA,NA,NA,0,0,0,0,1,1,"MW",1,0
"MI",11,"R",1960,"M",0.369,0.257,0,1,2,2,2,2,NA,NA,8500,0,0,0,0,0,NA,NA,NA,NA,0,0,0,0,1,1,"MW",1,0
"NJ",3,"R",1960,"M",0.206,0.274,0,1,2,2,2,2,NA,NA,28100,0,16928,0,14700,0,NA,NA,NA,NA,0,0,0,0,1,1,"NE",1,0
"NY",11,"R",1956,"M",0.227,0.095,0,1,2,2,2,2,NA,NA,9000,0,39700,2000,28900,2000,NA,NA,NA,NA,0,0,0,0,1,1,"NE",1,0
"NC",6,"R",NA,NA,NA,NA,NA,NA,NA,NA,NA,NA,NA,NA,NA,NA,NA,NA,NA,NA,NA,NA,NA,NA,0,0,0,0,1,1,"SO",1,0
"OK",5,"R",1963,"M",0.473,0.183,0,1,2,2,2,2,NA,NA,45750,0,41650,0,37650,0,NA,NA,NA,NA,0,0,0,0,1,1,"SO",1,0
"TX",4,"R",1965,"M",0.693,0.113,0,1,2,2,3,3,NA,NA,23500,0,10500,0,16500,0,5000,0,NA,NA,0,0,0,0,1,1,"SO",1,0
"TX",23,"R",1977,"M",0.287,0.228,0,1,2,2,3,3,NA,NA,130656,3033,151550,4950,177443,5900,119847,250,NA,NA,0,0,0,0,1,1,"SO",1,0
"UT",4,"R",1975,"F",0.542,0.056,0,1,2,2,2,2,NA,NA,24465,0,29311,1095,36811,115,NA,NA,NA,NA,0,0,0,0,1,1,"WE",1,0
"VA",7,"R",1964,"M",0.829,0.325,1,2,3,3,3,3,0,0,9875,1250,12500,2000,17600,2000,NA,NA,NA,NA,0,0,0,0,1,1,"SO",1,0
"VA",10,"R",1959,"F",0.276,0.389,0,1,2,2,2,2,NA,NA,36500,250,46050,0,55650,0,NA,NA,NA,NA,0,0,0,0,1,1,"SO",1,0
"WV",3,"R",1960,"M",0.315,0.308,0,1,2,2,2,2,NA,NA,27500,0,61150,2000,31200,2000,NA,NA,NA,NA,0,0,0,0,1,1,"SO",1,0
"FL",19,"R",1953,"M",0.501,0.494,0,0,1,1,2,2,NA,NA,NA,NA,1000,0,NA,NA,0,0,NA,NA,0,0,0,0,1,1,"SO",0,1
"GA",6,"R",1962,"F",0.493,0.305,0,0,1,1,1,1,NA,NA,NA,NA,40325,0,41850,250,NA,NA,NA,NA,0,0,0,0,1,1,"SO",1,0
"KS",1,"R",NA,NA,NA,NA,NA,NA,NA,NA,NA,NA,NA,NA,NA,NA,NA,NA,NA,NA,NA,NA,NA,NA,0,0,0,0,1,1,"MW",1,0
"MI",10,"R",1961,"M",0.422,0.311,0,0,1,1,2,2,NA,NA,NA,NA,15500,0,16500,10000,14000,0,NA,NA,0,0,0,0,1,1,"MW",1,0
"MN",2,"R",1955,"M",0.506,0.197,0,0,1,1,1,1,NA,NA,NA,NA,38230,5287,63422,5287,NA,NA,NA,NA,0,0,0,0,1,1,"MW",1,0
"MT",0,"R",1961,"M",0.431,0.085,0,0,1,1,2,2,NA,NA,NA,NA,77918,5900,90368,5900,36711,0,NA,NA,0,0,0,0,1,1,"WE",1,0
"NV",3,"D",NA,NA,NA,NA,NA,NA,NA,NA,NA,NA,NA,NA,NA,NA,NA,NA,NA,NA,NA,NA,NA,NA,0,0,0,0,1,1,"WE",0,1
"NV",4,"D",1980,"M",0.397,0.226,0,0,1,1,1,1,NA,NA,NA,NA,0,0,0,0,NA,NA,NA,NA,0,0,0,0,1,1,"WE",0,1
"NY",19,"R",1952,"M",0.234,0.008,0,0,1,1,1,1,NA,NA,NA,NA,44117,7287,64220,18486,NA,NA,NA,NA,0,0,0,0,1,1,"NE",0,1
"VA",2,"R",1979,"M",0.456,0.021,0,0,1,1,1,1,NA,NA,NA,NA,62359,5287,67499,5287,NA,NA,NA,NA,0,0,0,0,1,1,"SO",1,0
