"party","Vote_change_dummy","Vote51","Contribution_3_minus","Contribution_3_plus","Contribution_4_minus","Contribution_4_plus","Contribution_51_minus","Contribution_51_plus","Contribution_6_minus","Contribution_6_plus","Contribution_7_minus","Contribution_7_plus","state","BioID","seniority_1151","birthday","Geographical","nominate_dim1","nominate_dim2","Vote51_minus","Vote51_plus","Vote51_NA"
"R",0,0,17500,0,13000,0,15000,0,24300,0,16000,0,"AL","R000575",8,1958,"SO",0.377,0.384,1,0,0
"R",0,0,17896,0,20000,0,26950,0,8000,0,14750,0,"AL","A000055",11,1965,"SO",0.403,0.479,1,0,0
"R",0,0,8500,0,5000,0,6000,500,2500,0,14950,0,"AL","B001274",4,1954,"SO",0.652,-0.417,1,0,0
"D",0,1,16000,0,10250,0,15250,0,19500,0,21500,0,"AL","S001185",4,1965,"SO",-0.398,0.4,0,1,0
"R",0,0,8600,0,27800,0,32200,500,28011,1500,11633,0,"AK","Y000033",16,1933,"WE",0.283,0.022,1,0,0
"D",0,NA,18300,0,3605,3025,NA,NA,15970,0,0,0,"AZ","K000368",3,1950,"WE",-0.169,-0.01,NA,NA,1
"D",0,1,NA,NA,1500,0,NA,NA,NA,NA,NA,NA,"AZ","G000551",8,1948,"WE",-0.598,-0.264,0,1,0
"R",0,0,19850,0,16000,0,26000,2250,12700,0,0,0,"AZ","G000565",4,1958,"WE",0.699,-0.499,1,0,0
"R",0,0,8750,0,NA,NA,12000,0,23988,2000,5633,0,"AZ","S001183",4,1962,"WE",0.561,-0.251,1,0,0
"R",0,0,9500,1000,2500,0,9500,0,10000,0,6000,0,"AR","C001087",4,1966,"SO",0.457,0.32,1,0,0
"R",0,0,7000,0,11000,0,19500,0,7000,0,8500,0,"AR","W000809",4,1957,"SO",0.348,0.621,1,0,0
"R",0,0,17500,0,13400,501,10500,50,25988,250,3133,0,"CA","L000578",3,1960,"WE",0.538,0.026,1,0,0
"D",0,1,7400,0,13320,200,7500,1580,6500,0,3000,250,"CA","H001068",3,1964,"WE",-0.428,-0.527,0,1,0
"D",0,1,4500,1500,3000,0,2000,1000,8000,0,2000,0,"CA","G000559",5,1945,"WE",-0.309,-0.096,0,1,0
"R",0,0,11450,0,4925,0,11405,300,13688,0,4333,0,"CA","M001177",5,1956,"WE",0.682,-0.401,1,0,0
"D",0,1,27385,1500,10000,500,14500,5000,26330,0,47000,0,"CA","T000460",10,1951,"WE",-0.393,0.068,0,1,0
"D",0,1,27249,3850,4700,5400,15500,2700,24500,0,5000,0,"CA","M001163",7,1944,"WE",-0.435,-0.146,0,1,0
"D",0,1,2750,250,2550,5400,2650,2470,2250,0,1000,0,"CA","B001287",3,1965,"WE",-0.241,0.013,0,1,0
"D",0,1,20049,7500,17350,1350,27325,1100,27650,0,13000,3400,"CA","M001166",6,1951,"WE",-0.263,-0.159,0,1,0
"D",0,1,1000,0,5800,200,10720,125,27360,0,28930,3978,"CA","P000197",16,1940,"WE",-0.49,-0.197,0,1,0
"D",0,1,7100,0,2900,0,4700,500,650,0,0,0,"CA","L000551",11,1946,"WE",-0.677,-0.569,0,1,0
"D",0,1,250,0,0,0,1500,0,0,0,0,0,"CA","S001175",6,1950,"WE",-0.381,-0.41,0,1,0
"D",0,1,16100,4350,18600,800,19900,1850,25110,0,7470,0,"CA","S001193",3,1980,"WE",-0.362,-0.077,0,1,0
"D",1,NA,24114,0,58000,2000,36750,0,27500,0,48000,0,"CA","C001059",7,1952,"WE",-0.196,0.458,NA,NA,1
"D",0,1,3500,0,2150,0,2000,8400,9800,0,NA,NA,"CA","E000215",13,1942,"WE",-0.38,-0.397,0,1,0
"D",0,1,2000,10400,7500,0,0,10900,3000,700,12500,1075,"CA","L000397",12,1947,"WE",-0.399,-0.419,0,1,0
"R",0,0,43500,1000,56500,250,76600,1050,60257,1500,10287,500,"CA","N000181",8,1973,"WE",0.45,0.223,1,0,0
"R",0,0,172660,3500,202750,7900,248450,2800,380725,5600,314797,3050,"CA","M001165",6,1965,"WE",0.453,0.233,1,0,0
"D",0,1,4100,250,6015,3,6633,1250,7000,0,0,0,"CA","B001285",3,1952,"WE",-0.294,0.051,0,1,0
"D",0,1,5100,1000,0,0,4000,0,1000,0,1500,0,"CA","C001080",5,1953,"WE",-0.489,-0.379,0,1,0
"D",0,1,0,0,1000,0,8340,1050,13100,365,10800,3000,"CA","S001150",9,1960,"WE",-0.35,-0.133,0,1,0
"D",0,1,4000,0,13500,0,26000,0,16000,0,6000,0,"CA","C001097",3,1963,"WE",-0.395,-0.003,0,1,0
"D",0,1,0,0,3000,0,1000,0,2000,0,5400,0,"CA","S000344",11,1954,"WE",-0.343,-0.141,0,1,0
"D",0,1,2000,1500,5500,0,5500,0,9500,0,1500,0,"CA","N000179",10,1936,"WE",-0.449,-0.245,0,1,0
"D",0,1,1500,0,5150,250,7825,210,9300,1000,13870,5800,"CA","R000599",3,1972,"WE",-0.252,0.049,0,1,0
"D",0,1,4750,0,6500,0,1900,0,19250,0,0,1000,"CA","B001270",4,1953,"WE",-0.584,-0.098,0,1,0
"D",0,1,5500,500,13500,0,9000,0,1000,0,NA,NA,"CA","S001156",8,1969,"WE",-0.508,-0.135,0,1,0
"D",0,1,5300,0,2500,0,5000,0,3000,0,1000,0,"CA","R000486",13,1941,"WE",-0.469,-0.171,0,1,0
"D",0,1,0,0,2500,0,3000,0,1000,250,250,0,"CA","T000472",3,1960,"WE",-0.465,-0.293,0,1,0
"R",0,0,15600,0,60500,1000,31500,0,14300,0,2000,0,"CA","C000059",13,1953,"WE",0.341,0.263,1,0,0
"D",0,1,10400,0,2500,0,1250,0,0,0,0,0,"CA","W000187",14,1938,"WE",-0.656,-0.079,0,1,0
"D",0,1,10500,0,12000,0,10200,0,7000,0,10500,0,"CA","L000579",3,1941,"WE",-0.449,-0.384,0,1,0
"R",0,0,54450,1500,13400,2700,11300,0,NA,NA,3133,0,"CA","I000056",9,1953,"WE",0.484,-0.001,1,0,0
"D",0,1,7600,0,15800,0,5000,0,16100,0,5500,2900,"CA","V000130",3,1961,"WE",-0.404,0.048,0,1,0
"D",0,1,15700,0,16395,1025,47800,1300,32550,0,9500,0,"CA","P000608",3,1958,"WE",-0.188,-0.032,0,1,0
"D",0,1,0,0,4000,1000,4500,0,1000,0,5500,0,"CO","D000197",11,1957,"WE",-0.431,-0.303,0,1,0
"R",0,0,20500,0,32250,0,18500,0,3500,0,3500,0,"CO","L000564",6,1954,"WE",0.667,0.232,1,0,0
"D",0,1,14700,2500,6450,500,5500,0,3500,0,2500,0,"CO","P000593",6,1953,"WE",-0.282,0.072,0,1,0
"D",0,1,10000,1000,7500,1000,5950,1500,8500,0,7500,0,"CT","L000557",10,1948,"NE",-0.396,-0.047,0,1,0
"D",0,1,8000,0,4000,0,5000,0,6500,0,1000,0,"CT","C001069",6,1953,"NE",-0.34,0.03,0,1,0
"D",0,NA,NA,NA,5375,0,1500,0,1350,0,10100,0,"CT","D000216",14,1943,"NE",-0.414,-0.116,NA,NA,1
"D",0,1,2500,0,12000,0,2000,0,100,0,1200,0,"CT","H001047",5,1966,"NE",-0.24,-0.226,0,1,0
"R",0,NA,2000,0,6000,0,3000,0,16700,0,5800,0,"FL","P000599",5,1947,"SO",0.531,-0.351,NA,NA,1
"R",0,0,6500,0,4500,200,3300,0,1500,0,1500,0,"FL","W000806",4,1949,"SO",0.525,-0.094,1,0,0
"R",0,0,8500,0,15000,0,46400,8900,14000,0,26000,0,"FL","B001257",6,1963,"SO",0.419,-0.017,1,0,0
"D",0,NA,2500,0,4000,0,1000,0,2650,2500,2000,0,"FL","C001066",6,1966,"SO",-0.437,0.06,NA,NA,1
"R",0,0,6000,0,5000,0,15750,0,43788,0,35400,5900,"FL","B001260",6,1951,"SO",0.362,-0.095,1,0,0
"D",0,1,3500,0,2500,0,1000,0,1500,0,0,0,"FL","H000324",13,1936,"SO",-0.564,0.157,0,1,0
"D",0,1,11000,2500,0,0,5800,2000,6500,2800,2500,0,"FL","D000610",5,1966,"SO",-0.401,-0.078,0,1,0
"D",0,1,5600,0,0,0,1500,0,2500,0,2500,0,"FL","F000462",3,1948,"SO",-0.397,-0.054,0,1,0
"D",0,1,9500,5500,6400,2850,21650,1500,0,0,0,0,"FL","W000797",7,1966,"SO",-0.416,0.088,0,1,0
"D",0,1,2000,0,3500,0,1500,0,1500,0,2500,0,"FL","W000808",4,1942,"SO",-0.477,-0.012,0,1,0
"R",0,NA,2500,0,17000,0,12000,0,20100,0,0,0,"FL","D000600",8,1961,"SO",0.284,0.141,NA,NA,1
"D",1,1,20000,0,17500,0,13500,0,7500,0,5000,0,"GA","B000490",13,1947,"SO",-0.285,0.454,0,1,0
"D",0,1,2500,0,1000,0,2500,0,1500,0,0,0,"GA","J000288",6,1954,"SO",-0.473,-0.025,0,1,0
"R",0,0,8500,0,7000,0,7500,0,2500,0,NA,NA,"GA","S001189",4,1969,"SO",0.535,0.354,1,0,0
"D",0,1,2500,0,8250,0,1000,0,0,0,9500,0,"GA","S001157",8,1945,"SO",-0.304,0.168,0,1,0
"R",0,0,103694,1000,80600,0,45200,0,40100,0,38000,0,"ID","S001148",10,1950,"WE",0.297,0.307,1,0,0
"D",0,1,23000,0,25400,0,8000,0,35000,0,33500,0,"IL","R000515",13,1946,"MW",-0.479,-0.203,0,1,0
"D",0,1,3500,0,7500,1000,2000,0,15500,0,4750,0,"IL","K000385",3,1956,"MW",-0.467,-0.023,0,1,0
"D",0,1,2000,0,4500,1000,1000,0,0,0,1000,0,"IL","Q000023",5,1958,"MW",-0.324,-0.259,0,1,0
"D",0,1,7500,0,5500,5000,7000,0,9000,0,5000,1000,"IL","D000096",11,1941,"MW",-0.486,-0.26,0,1,0
"D",0,1,0,3600,3000,0,150,2375,0,1275,175,0,"IL","S001145",10,1944,"MW",-0.603,-0.276,0,1,0
"D",0,1,5500,0,NA,NA,3000,0,8500,0,6950,0,"IL","S001190",2,1961,"MW",-0.187,-0.14,0,1,0
"D",0,1,12850,4850,15700,1200,12950,2800,9200,0,3400,1000,"IL","F000454",5,1955,"MW",-0.233,-0.215,0,1,0
"R",0,0,39805,1500,24900,5000,38950,9000,62064,0,38633,0,"IL","D000619",3,1970,"MW",0.279,0.17,1,0,0
"R",0,0,69850,5000,68400,4500,44450,1000,61800,0,94600,9400,"IL","K000378",4,1978,"MW",0.234,0.382,1,0,0
"D",0,1,9750,1000,10325,4341,16765,2400,54250,4000,10150,0,"IL","B001286",3,1961,"MW",-0.239,0.054,0,1,0
"R",0,0,19100,4600,26750,5000,35000,1000,31488,0,10500,0,"IN","W000813",3,1963,"MW",0.436,0.315,1,0,0
"D",0,1,3250,0,2250,0,0,600,0,700,NA,NA,"IN","C001072",6,1974,"MW",-0.43,0.04,0,1,0
"R",0,0,28350,0,28450,0,25500,1000,6250,0,14000,500,"IN","B001275",4,1962,"MW",0.383,0.373,1,0,0
"R",0,0,32500,0,23500,0,24300,0,27000,0,10000,0,"KY","G000558",5,1964,"SO",0.426,0.275,1,0,0
"D",0,1,4000,0,1500,0,1500,1000,0,0,5000,0,"KY","Y000062",6,1947,"SO",-0.378,-0.275,0,1,0
"R",0,0,8600,0,6000,0,2000,0,6000,0,0,0,"KY","M001184",4,1971,"SO",0.678,-0.735,1,0,0
"R",0,0,44800,0,20500,0,17500,0,1000,0,3450,0,"KY","R000395",16,1937,"SO",0.334,0.142,1,0,0
"R",0,0,107750,0,53550,0,100221,7587,42073,0,43333,0,"KY","B001282",3,1973,"SO",0.484,0.294,1,0,0
"R",0,NA,91500,0,94150,0,149825,9100,155465,750,116157,1985,"LA","S001176",6,1965,"SO",0.559,0.15,NA,NA,1
"D",0,1,19100,0,30250,0,31500,0,52800,0,NA,NA,"LA","R000588",4,1973,"SO",-0.486,0.332,0,1,0
"D",0,1,250,0,1250,1000,1075,1,1000,0,0,0,"ME","P000597",5,1955,"NE",-0.421,-0.36,0,1,0
"R",0,0,34200,0,8500,0,10350,0,250,0,500,0,"MD","H001052",4,1957,"SO",0.671,-0.374,1,0,0
"D",0,1,13750,0,4000,0,4750,0,8000,2800,2500,0,"MD","R000576",8,1946,"SO",-0.297,0.127,0,1,0
"D",0,1,0,0,0,0,500,0,0,0,0,0,"MD","S001168",6,1962,"SO",-0.465,-0.071,0,1,0
"D",0,1,75000,0,107750,4500,86500,250,121500,0,90000,0,"MD","H000874",16,1939,"SO",-0.381,0.121,0,1,0
"D",0,1,9000,1000,17000,0,7500,250,66200,1000,40600,1000,"MA","N000015",15,1949,"NE",-0.417,-0.105,0,1,0
"D",0,1,5000,5200,2510,0,1000,107,250,5600,500,0,"MA","M000312",11,1959,"NE",-0.538,-0.323,0,1,0
"D",0,1,3700,250,0,0,2750,0,0,0,750,0,"MA","L000562",9,1955,"NE",-0.348,0.037,0,1,0
"D",0,1,3500,0,10000,0,9500,0,2000,0,0,0,"MA","K000375",4,1952,"NE",-0.33,-0.112,0,1,0
"R",0,0,12300,0,22050,0,26000,0,26988,0,9000,0,"MI","H001058",4,1969,"MW",0.536,0.026,1,0,0
"D",0,1,10000,0,10600,0,5500,0,17800,0,24500,500,"MI","K000380",3,1958,"MW",-0.367,-0.174,0,1,0
"R",1,0,135350,1000,142613,0,28200,0,51788,0,33233,0,"MI","U000031",16,1953,"MW",0.32,-0.355,1,0,0
"R",0,0,26050,0,43750,0,63450,0,73238,0,25200,0,"MI","W000798",5,1951,"MW",0.501,0.142,1,0,0
"D",0,1,1000,0,1000,0,1500,250,NA,NA,3750,0,"MN","M001143",9,1954,"MW",-0.417,-0.193,0,1,0
"D",0,1,11500,0,26500,0,19000,0,11500,0,12000,0,"MS","T000193",13,1948,"SO",-0.517,0.395,0,1,0
"R",0,0,32000,0,31500,0,23000,0,20900,0,16700,0,"MS","P000601",4,1970,"SO",0.535,0.45,1,0,0
"R",0,0,51850,0,17500,0,27000,400,23011,0,18133,0,"MO","W000812",3,1962,"MW",0.393,0.284,1,0,0
"R",0,0,5500,0,7500,2500,8250,500,6000,0,1000,0,"MO","L000569",5,1952,"MW",0.452,0.23,1,0,0
"R",0,0,11200,0,5000,0,10000,2500,10300,0,32050,0,"MO","H001053",4,1960,"MW",0.478,0.229,1,0,0
"D",0,1,5000,0,3000,1000,1500,3700,4500,0,0,0,"MO","C001061",7,1944,"MW",-0.453,0.009,0,1,0
"R",0,NA,8750,2000,9000,1000,18520,3500,43000,1000,19400,0,"MO","G000546",9,1963,"MW",0.447,0.167,NA,NA,1
"R",0,0,48650,0,22000,0,25500,0,45000,0,NA,NA,"MO","L000576",4,1955,"MW",0.544,0.244,1,0,0
"R",0,0,35465,0,24600,6000,26500,2000,25000,0,20300,0,"MO","S001195",3,1980,"MW",0.581,0.254,1,0,0
"R",0,0,3500,0,3500,0,6700,1000,3500,0,7400,0,"NE","F000449",7,1960,"MW",0.304,-0.061,1,0,0
"R",0,0,9000,1500,7750,5000,12450,7000,21500,0,9000,0,"NE","S001172",6,1970,"MW",0.513,0.233,1,0,0
"D",0,1,4750,1000,6000,5500,3500,0,3500,0,2500,0,"NV","T000468",4,1950,"WE",-0.299,-0.193,0,1,0
"R",0,0,13000,0,19700,0,31500,0,14750,0,6112,0,"NV","A000369",4,1958,"WE",0.387,0.196,1,0,0
"D",0,NA,11250,500,NA,NA,NA,NA,23100,0,9500,1000,"NV","H001066",1,1973,"WE",-0.342,0.135,NA,NA,1
"D",0,1,2500,6950,8500,1000,5200,3700,6750,0,4850,1500,"NH","K000382",3,1956,"NE",-0.26,-0.098,0,1,0
"R",1,1,1500,0,NA,NA,8099,0,10988,0,0,0,"NJ","S000522",16,1953,"NE",0.178,-0.173,0,1,0
"D",0,1,26088,2500,12499,1000,24750,20250,80550,2500,42150,0,"NJ","P000034",16,1951,"NE",-0.404,-0.168,0,1,0
"D",0,1,1000,0,NA,NA,1000,0,2500,0,2000,0,"NJ","S001165",7,1951,"NE",-0.404,0.098,0,1,0
"D",0,1,10000,0,7500,6000,2000,0,16750,1000,5000,0,"NJ","P000096",11,1937,"NE",-0.368,-0.006,0,1,0
"D",0,1,8850,0,7600,0,8000,0,13000,0,18500,0,"NJ","P000604",4,1958,"NE",-0.52,-0.097,0,1,0
"D",0,1,8500,0,7000,0,4500,3500,5000,0,18250,0,"NY","M001137",11,1953,"NE",-0.415,-0.072,0,1,0
"D",0,1,500,500,1500,500,750,600,0,0,3000,0,"NY","M001188",3,1975,"NE",-0.376,-0.217,0,1,0
"D",0,1,2000,0,0,0,1000,0,3250,0,0,0,"NY","V000081",13,1953,"NE",-0.547,-0.351,0,1,0
"D",0,1,2000,1000,5000,0,4500,0,3500,0,25350,2000,"NY","J000294",3,1970,"NE",-0.486,-0.072,0,1,0
"D",0,1,0,0,5000,0,17000,0,4500,0,5200,0,"NY","C001067",6,1964,"NE",-0.609,-0.246,0,1,0
"D",0,1,250,0,0,0,1000,0,1000,0,1000,0,"NY","N000002",14,1947,"NE",-0.508,-0.484,0,1,0
"D",0,1,0,0,13300,0,3600,0,6400,250,12350,0,"NY","M000087",13,1946,"NE",-0.387,-0.285,0,1,0
"D",0,1,20500,4550,12050,3175,15925,2400,86550,3800,60750,2548,"NY","T000469",5,1949,"NE",-0.415,-0.268,0,1,0
"R",1,0,85750,4250,77325,18000,40925,500,45288,0,13300,0,"NY","R000585",5,1971,"NE",0.269,0.12,1,0,0
"D",0,1,1000,0,2000,0,6500,0,5000,0,7850,0,"NY","H001038",7,1959,"NE",-0.348,-0.032,0,1,0
"D",0,1,11000,0,6000,1000,7000,0,4500,0,7000,0,"NC","B001251",8,1947,"SO",-0.404,0.184,0,1,0
"D",0,1,1000,0,5000,0,3500,250,1000,0,4500,0,"NC","P000523",15,1940,"SO",-0.343,-0.03,0,1,0
"R",0,0,5500,1000,11073,500,26000,500,21000,0,500,0,"NC","F000450",7,1943,"SO",0.623,0.18,1,0,0
"R",0,0,18250,300,94650,0,45500,250,58188,0,17070,0,"NC","H001067",3,1971,"SO",0.526,0.178,1,0,0
"R",0,0,6000,0,47500,0,40000,4200,17500,0,22500,0,"NC","M001156",7,1975,"SO",0.529,0.131,1,0,0
"R",0,0,4500,0,7100,0,12100,100,13878,0,670,0,"OH","C000266",11,1953,"MW",0.542,-0.137,1,0,0
"R",0,0,16600,300,13100,100,4565,0,20500,0,6100,0,"OH","W000815",3,1958,"MW",0.528,0.268,1,0,0
"D",0,1,10100,0,24000,0,13000,0,17250,0,29850,0,"OH","B001281",3,1950,"MW",-0.439,0.042,0,1,0
"R",0,0,15950,0,8500,0,8000,0,18550,0,11330,300,"OH","J000289",6,1964,"MW",0.717,-0.198,1,0,0
"R",0,0,48850,10450,36750,0,69575,2500,36250,0,41500,0,"OH","L000566",6,1956,"MW",0.51,0.28,1,0,0
"R",0,0,144635,4600,99450,12500,100100,0,101350,0,33349,0,"OH","J000292",4,1954,"MW",0.436,0.235,1,0,0
"R",0,0,55150,500,13500,500,16500,1000,12500,0,0,0,"OH","G000563",4,1954,"MW",0.484,0.284,1,0,0
"D",0,1,23100,1000,17500,0,10000,250,22500,3000,12250,0,"OH","K000009",16,1946,"MW",-0.348,0.117,0,1,0
"R",0,0,7500,0,24950,0,3500,0,12011,0,12000,0,"OH","T000463",8,1960,"MW",0.269,0.245,1,0,0
"D",0,1,12750,0,21500,0,5000,0,4000,0,0,0,"OH","F000455",6,1952,"MW",-0.581,0.14,0,1,0
"D",0,1,27000,0,20500,0,16900,0,11250,500,29407,4135,"OH","R000577",8,1973,"MW",-0.402,0.208,0,1,0
"R",0,0,32900,500,25800,2300,37525,0,45311,0,25400,0,"OH","J000295",3,1957,"MW",0.256,0.301,1,0,0
"R",0,0,46700,0,41600,0,85150,0,63300,0,28400,0,"OH","S001187",4,1965,"MW",0.3,0.269,1,0,0
"R",0,0,NA,NA,NA,NA,NA,NA,NA,NA,NA,NA,"OK","M001190",NA,NA,"SO",NA,NA,1,0,0
"R",0,0,49550,0,23500,0,21000,0,15500,0,8800,0,"OK","L000491",13,1960,"SO",0.36,0.449,1,0,0
"R",0,0,58000,0,68750,0,31200,2793,86500,3000,2500,0,"OK","C001053",8,1949,"SO",0.324,0.4,1,0,0
"D",0,1,1500,0,2750,0,2500,0,1000,0,6250,0,"OR","B001278",4,1954,"WE",-0.396,-0.41,0,1,0
"D",0,1,5750,7750,8250,8950,14750,9125,750,0,250,500,"OR","B000574",12,1948,"WE",-0.427,-0.641,0,1,0
"D",0,1,2500,500,250,0,4050,0,6500,0,14500,0,"OR","D000191",16,1947,"WE",-0.427,-0.002,0,1,0
"D",0,1,5000,1050,29750,0,29000,0,43000,0,55500,0,"OR","S001180",5,1951,"WE",-0.182,0.054,0,1,0
"R",0,0,65750,0,30850,2700,32800,2700,53738,0,19900,0,"PA","K000376",4,1948,"NE",0.373,0.41,1,0,0
"R",0,0,9500,0,22500,0,23200,0,13200,3500,3133,0,"PA","P000605",3,1962,"NE",0.677,-0.461,1,0,0
"R",0,0,34630,0,36000,0,33100,0,20550,0,15100,0,"PA","T000467",5,1959,"NE",0.331,0.357,1,0,0
"D",0,1,37500,0,42000,0,6000,2700,43000,0,8000,0,"PA","D000482",12,1953,"NE",-0.331,0.099,0,1,0
"D",0,1,0,500,1000,0,5000,0,3000,0,6500,0,"PA","C001090",3,1961,"NE",-0.349,-0.005,0,1,0
"D",0,1,2250,1000,500,1000,460,0,1055,0,1000,5800,"RI","C001084",4,1961,"NE",-0.389,-0.262,0,1,0
"D",0,1,3050,0,5000,0,1300,0,300,0,2000,0,"RI","L000559",9,1964,"NE",-0.375,0.114,0,1,0
"R",0,0,8500,0,14750,0,25400,2700,7500,0,3500,0,"SC","W000795",9,1947,"SO",0.531,0.147,1,0,0
"R",0,0,20610,0,7000,0,31000,1000,22000,0,13500,0,"SC","D000615",4,1966,"SO",0.701,-0.1,1,0,0
"D",0,NA,52000,1500,55500,0,43000,0,59300,0,83000,0,"SC","C000537",13,1940,"SO",-0.465,0.25,NA,NA,1
"R",0,0,11500,0,28750,0,33200,0,13500,0,20150,0,"SC","R000597",3,1957,"SO",0.558,-0.217,1,0,0
"R",0,0,14000,6700,20000,0,10000,0,15800,0,15500,0,"TN","F000459",4,1962,"SO",0.434,0.406,1,0,0
"R",0,0,500,0,10650,0,0,0,6100,0,NA,NA,"TN","D000616",4,1964,"SO",0.581,-0.046,1,0,0
"D",0,1,6700,0,4750,0,5500,0,3500,0,21900,0,"TN","C000754",12,1954,"SO",-0.164,-0.033,0,1,0
"D",0,1,1000,0,500,0,0,0,0,0,0,0,"TN","C001068",6,1949,"SO",-0.392,-0.326,0,1,0
"R",0,0,16700,0,10950,0,10250,0,6050,0,0,0,"TX","G000552",7,1953,"SO",0.644,-0.406,1,0,0
"R",0,0,110050,1000,185000,3000,136850,6000,98500,0,22700,0,"TX","B000755",11,1955,"SO",0.52,0.239,1,0,0
"D",0,1,0,0,2000,0,0,0,1500,0,0,0,"TX","G000553",7,1947,"SO",-0.443,0.29,0,1,0
"R",0,0,50350,0,58950,0,38550,250,50088,1000,25009,0,"TX","M001157",7,1962,"SO",0.416,0.144,1,0,0
"R",0,0,25700,0,43250,1000,39100,0,39100,0,4000,0,"TX","G000377",11,1943,"SO",0.404,0.235,1,0,0
"R",0,0,32250,0,26250,0,52500,500,11500,0,1000,0,"TX","W000814",3,1953,"SO",0.73,0.017,1,0,0
"D",0,1,2500,0,5000,0,4300,0,3050,0,1500,0,"TX","J000032",12,1950,"SO",-0.46,0.125,0,1,0
"D",0,1,16000,0,7300,0,4200,0,NA,NA,0,0,"TX","C001091",3,1974,"SO",-0.404,-0.071,0,1,0
"R",0,0,58800,0,32300,0,18350,0,62588,0,32959,0,"TX","W000816",3,1949,"SO",0.595,0.063,1,0,0
"R",0,0,34900,0,15500,0,13000,0,9100,0,5750,0,"TX","B001248",8,1950,"SO",0.567,-0.185,1,0,0
"D",1,0,65100,0,43750,0,53950,250,68650,0,62598,0,"TX","C001063",7,1955,"SO",-0.227,0.622,1,0,0
"D",0,1,2000,0,1000,0,0,0,3500,0,NA,NA,"TX","J000126",13,1935,"SO",-0.485,0.198,0,1,0
"R",0,0,18000,0,28000,0,14000,0,24522,0,14012,0,"TX","C001051",8,1941,"SO",0.485,0.565,1,0,0
"R",0,0,61950,500,45000,0,50400,9600,NA,NA,11600,0,"TX","S000250",11,1955,"SO",0.588,0.149,1,0,0
"D",1,1,14300,0,21350,0,14500,0,44900,0,56500,0,"TX","V000131",3,1971,"SO",-0.404,0.34,0,1,0
"D",1,1,7500,1000,17400,500,20000,0,17000,0,2500,0,"TX","V000132",3,1963,"SO",-0.311,0.407,0,1,0
"D",0,1,2000,2250,0,0,2700,0,0,0,2900,0,"TX","D000399",12,1946,"SO",-0.402,-0.322,0,1,0
"R",0,0,18250,0,42000,0,16150,0,6500,0,2000,0,"UT","S001192",3,1960,"WE",0.499,0.167,1,0,0
"D",0,1,NA,NA,NA,NA,NA,NA,NA,NA,NA,NA,"VT","W000800",NA,NA,"NE",NA,NA,0,1,0
"R",0,0,2500,1000,9000,0,19000,0,30988,0,8000,0,"VA","W000804",6,1959,"SO",0.451,0.001,1,0,0
"D",0,1,5000,0,4000,0,3000,0,5000,0,250,0,"VA","S000185",13,1947,"SO",-0.45,0.012,0,1,0
"R",0,0,33000,0,49050,0,41000,0,44000,0,8000,0,"VA","G000568",4,1958,"SO",0.52,-0.365,1,0,0
"D",0,1,4000,0,4000,1000,6500,0,5750,0,6800,0,"VA","C001078",5,1950,"SO",-0.307,-0.038,0,1,0
"D",0,1,10550,0,5990,0,3185,0,4000,0,1500,0,"WA","D000617",4,1962,"WE",-0.292,-0.19,0,1,0
"D",0,1,6500,0,15000,0,5000,0,11500,0,20000,0,"WA","L000560",9,1965,"WE",-0.365,0.178,0,1,0
"R",0,0,14495,0,4770,0,9500,0,16988,250,21783,0,"WA","H001056",4,1978,"WE",0.336,-0.129,1,0,0
"R",0,0,46710,1750,73990,6000,95814,5000,66838,0,137398,0,"WA","M001159",7,1969,"WE",0.432,0.11,1,0,0
"D",0,1,6500,1000,4500,0,9750,0,7175,0,7600,0,"WA","K000381",3,1974,"WE",-0.312,-0.009,0,1,0
"D",0,1,6325,0,3500,0,3500,0,8800,6000,6400,0,"WA","S000510",11,1965,"WE",-0.288,-0.165,0,1,0
"R",0,0,109600,0,45200,0,59175,3700,35700,0,4000,0,"WV","M001180",4,1947,"SO",0.3,0.178,1,0,0
"D",0,1,12600,500,3500,0,10000,0,2000,0,1000,0,"WI","P000607",3,1964,"MW",-0.531,-0.561,0,1,0
"D",0,1,13250,3000,9000,0,16500,500,10750,0,12000,3400,"WI","K000188",11,1963,"MW",-0.26,-0.08,0,1,0
"D",0,1,1000,0,4500,0,2000,0,4000,0,2500,0,"WI","M001160",7,1951,"MW",-0.526,-0.258,0,1,0
"R",0,0,NA,NA,9000,0,8750,1000,9000,0,17300,0,"AL","P000609",2,1954,"SO",0.679,0.102,1,0,0
"D",0,1,NA,NA,7050,5100,5050,0,37500,0,13000,0,"AZ","G000574",2,1979,"WE",-0.418,0.069,0,1,0
"R",0,0,NA,NA,18500,0,22400,0,30838,0,23733,0,"AR","H001072",2,1956,"SO",0.437,0.27,1,0,0
"R",0,0,NA,NA,17850,0,40900,1000,16000,0,29400,0,"AR","W000821",2,1967,"SO",0.55,0.305,1,0,0
"D",0,1,NA,NA,2500,0,2000,1700,6150,0,1100,0,"CA","D000623",2,1952,"WE",-0.523,-0.372,0,1,0
"D",0,1,NA,NA,9925,45,13440,750,23231,0,9800,0,"CA","A000371",2,1979,"WE",-0.31,0.141,0,1,0
"D",0,1,NA,NA,9000,0,3650,0,5750,0,7400,0,"CA","L000582",2,1969,"WE",-0.374,-0.229,0,1,0
"D",0,1,NA,NA,1000,0,2750,0,6500,0,2250,0,"CA","T000474",2,1965,"WE",-0.363,0.046,0,1,0
"R",0,0,NA,NA,22500,2500,20950,6400,2000,0,2010,0,"CO","B001297",2,1959,"WE",0.656,-0.431,1,0,0
"R",0,0,NA,NA,11100,0,30000,0,29300,0,2250,0,"GA","C001103",2,1957,"SO",0.562,0.317,1,0,0
"R",0,0,NA,NA,2500,0,6000,1500,1500,0,0,0,"GA","H001071",2,1960,"SO",0.797,-0.242,1,0,0
"R",0,NA,NA,NA,14875,0,13500,0,6300,0,0,0,"GA","L000583",2,1963,"SO",0.682,-0.003,NA,NA,1
"R",0,0,NA,NA,7450,350,6000,0,1500,0,1250,0,"GA","A000372",2,1951,"SO",0.692,0.291,1,0,0
"R",0,0,NA,NA,38950,0,55080,11700,33888,0,5500,0,"IL","B001295",2,1960,"MW",0.384,0.031,1,0,0
"R",0,0,NA,NA,46400,7200,36150,13700,43350,0,58900,0,"IL","L000585",2,1968,"MW",0.458,0.217,1,0,0
"R",0,0,NA,NA,112499,2700,57450,6400,62400,0,18500,0,"LA","G000577",2,1972,"SO",0.43,0.029,1,0,0
"D",0,1,7200,250,2000,0,5000,0,4800,0,0,0,"MA","C001101",3,1963,"NE",-0.482,-0.316,0,1,0
"D",0,1,NA,NA,1000,150,0,0,1750,250,0,0,"MA","M001196",2,1978,"NE",-0.282,-0.044,0,1,0
"R",0,0,NA,NA,9500,0,20900,0,9500,0,14000,0,"MI","M001194",2,1961,"MW",0.45,0.169,1,0,0
"D",0,1,NA,NA,10000,250,12500,250,26400,0,14850,0,"MI","D000624",2,1953,"MW",-0.404,-0.157,0,1,0
"D",0,1,NA,NA,7500,0,6500,0,11000,0,5000,0,"MI","L000581",2,1954,"MW",-0.448,-0.039,0,1,0
"R",0,0,NA,NA,5900,0,13700,11803,15800,0,9900,0,"MN","E000294",2,1961,"MW",0.468,-0.09,1,0,0
"R",0,0,NA,NA,10200,0,8100,0,9250,0,NA,NA,"MS","K000388",2,1966,"SO",0.637,0.273,1,0,0
"D",0,1,0,0,32736,0,10999,250,25300,0,6900,0,"NJ","N000188",3,1958,"NE",-0.421,0.328,0,1,0
"D",0,NA,NA,NA,2000,1500,3000,0,4500,0,2500,0,"NJ","W000822",2,1945,"NE",-0.608,-0.193,NA,NA,1
"R",0,0,NA,NA,13150,300,18080,0,47988,0,2463,0,"NY","Z000017",2,1980,"NE",0.397,-0.129,1,0,0
"D",0,1,NA,NA,3500,1000,6100,500,2250,0,4000,0,"NY","R000602",2,1965,"NE",-0.28,0.039,0,1,0
"R",1,1,NA,NA,26250,2250,34750,8193,24238,2500,1292,8700,"NY","S001196",2,1984,"NE",0.301,-0.125,0,1,0
"R",0,1,NA,NA,48050,0,30543,250,29071,0,23670,0,"NY","K000386",2,1962,"NE",0.185,0.013,0,1,0
"R",0,0,NA,NA,14350,0,24500,1000,19988,0,2500,0,"NC","R000603",2,1972,"SO",0.564,0.247,1,0,0
"D",0,1,0,0,3750,0,6500,0,6500,0,4500,0,"NC","A000370",3,1946,"SO",-0.468,0.017,0,1,0
"R",0,0,NA,NA,4000,0,2500,0,0,0,2500,0,"OH","D000626",2,1970,"MW",0.659,-0.355,1,0,0
"D",0,1,NA,NA,9500,0,5000,0,2000,0,4500,0,"PA","B001296",2,1977,"NE",-0.391,0.139,0,1,0
"R",0,0,NA,NA,19800,1000,26100,0,19500,0,6900,0,"TX","B001291",2,1948,"SO",0.711,0.074,1,0,0
"D",0,1,NA,NA,16450,1000,12200,1000,11400,5600,4275,3800,"VA","B001292",2,1950,"SO",-0.385,-0.095,0,1,0
"R",0,0,NA,NA,23000,250,21700,2140,7250,1000,42050,0,"WA","N000189",2,1955,"WE",0.316,0.347,1,0,0
"R",0,0,NA,NA,14100,250,26800,2000,23988,0,3850,0,"WV","M001195",2,1971,"SO",0.564,-0.222,1,0,0
"R",0,0,NA,NA,17010,250,22400,750,13011,0,8500,0,"WI","G000576",2,1955,"MW",0.599,-0.225,1,0,0
"D",0,1,NA,NA,NA,NA,16060,400,11750,0,19300,0,"AZ","O000171",1,1946,"WE",-0.198,0.18,0,1,0
"R",0,0,NA,NA,NA,NA,17900,0,27250,0,5000,0,"AZ","B001302",1,1958,"WE",0.827,-0.562,1,0,0
"D",0,1,NA,NA,NA,NA,0,27,2257,0,4331,1000,"CA","K000389",1,1976,"WE",-0.504,-0.255,0,1,0
"D",0,1,NA,NA,NA,NA,15000,0,4500,0,7750,3400,"CA","P000613",1,1969,"WE",-0.288,0.126,0,1,0
"D",0,1,NA,NA,NA,NA,7975,118,4250,0,11000,0,"CA","C001112",1,1964,"WE",-0.31,0.101,0,1,0
"D",0,1,NA,NA,NA,NA,2500,0,8500,0,14500,0,"CA","G000585",1,1974,"WE",-0.542,-0.302,0,1,0
"D",0,1,NA,NA,NA,NA,4500,115,3000,0,3500,0,"CA","B001300",1,1976,"WE",-0.506,-0.105,0,1,0
"D",0,1,NA,NA,NA,NA,14000,0,19000,0,16500,0,"CA","C001110",1,1958,"WE",-0.29,0.234,0,1,0
"D",0,1,NA,NA,NA,NA,5500,0,12500,0,19500,2500,"DE","B001303",1,1962,"SO",-0.347,-0.153,0,1,0
"R",1,0,NA,NA,NA,NA,5400,0,1500,0,5391,0,"FL","G000578",1,1982,"SO",0.598,-0.646,1,0,0
"R",0,0,NA,NA,NA,NA,6500,0,2500,0,2500,0,"FL","D000628",1,1953,"SO",0.503,0.371,1,0,0
"R",0,0,NA,NA,NA,NA,3700,0,3500,0,1000,0,"FL","R000609",1,1952,"SO",0.426,0.068,1,0,0
"D",0,NA,NA,NA,NA,NA,3000,0,1500,0,2500,0,"FL","L000586",1,1948,"SO",-0.26,0.076,NA,NA,1
"D",0,1,NA,NA,NA,NA,7400,1200,7550,1000,35650,0,"FL","M001202",1,1978,"SO",-0.161,0.123,0,1,0
"D",0,1,NA,NA,NA,NA,6000,0,2500,0,6000,0,"FL","S001200",1,1978,"SO",-0.361,0.167,0,1,0
"D",0,1,NA,NA,NA,NA,4000,0,3500,0,7132,500,"FL","D000627",1,1957,"SO",-0.322,-0.006,0,1,0
"D",0,1,NA,NA,NA,NA,1500,250,11200,0,4900,0,"FL","C001111",1,1956,"SO",-0.227,0.079,0,1,0
"R",0,1,NA,NA,NA,NA,47987,6387,24407,0,2906,0,"FL","M001199",1,1980,"SO",0.462,-0.359,0,1,0
"R",0,0,NA,NA,NA,NA,14350,0,18200,0,24800,0,"GA","F000465",1,1966,"SO",0.597,0.22,1,0,0
"D",0,1,NA,NA,NA,NA,22200,9950,32250,0,16949,1000,"IL","K000391",1,1973,"MW",-0.328,-0.03,0,1,0
"R",0,0,NA,NA,NA,NA,16000,0,11000,0,6000,0,"IN","B001299",1,1979,"MW",0.651,0.058,1,0,0
"R",0,0,NA,NA,NA,NA,18500,8500,11000,0,12500,0,"IN","H001074",1,1983,"MW",0.417,-0.243,1,0,0
"R",0,0,NA,NA,NA,NA,35200,5400,63350,0,47200,0,"KS","E000298",1,1956,"MW",0.643,0.058,1,0,0
"R",0,0,NA,NA,29450,0,8500,2500,15500,5000,9500,0,"KY","C001108",2,1972,"SO",0.595,-0.039,1,0,0
"R",0,0,NA,NA,NA,NA,21450,250,10100,0,10100,0,"LA","H001077",1,1961,"SO",0.627,-0.31,1,0,0
"R",0,0,NA,NA,NA,NA,35200,0,27950,0,17700,0,"LA","J000299",1,1972,"SO",0.566,-0.01,1,0,0
"D",0,1,NA,NA,NA,NA,1000,5000,16750,250,8000,0,"MD","B001304",1,1961,"SO",-0.344,-0.063,0,1,0
"D",0,1,NA,NA,NA,NA,0,0,0,0,1000,0,"MD","R000606",1,1962,"SO",-0.521,-0.245,0,1,0
"R",0,0,NA,NA,NA,NA,29750,0,22511,0,6750,0,"MI","B001301",1,1947,"MW",0.436,0.079,1,0,0
"R",0,0,NA,NA,NA,NA,42527,10287,11996,1000,5670,0,"NE","B001298",1,1963,"MW",0.294,0.156,1,0,0
"D",0,1,NA,NA,NA,NA,31500,6500,21100,0,12013,0,"NJ","G000583",1,1975,"NE",-0.158,0.223,0,1,0
"D",0,1,NA,NA,NA,NA,1000,0,4500,0,2500,0,"NY","S001201",1,1962,"NE",-0.219,0.087,0,1,0
"D",0,1,NA,NA,NA,NA,2500,0,0,0,0,0,"NY","E000297",1,1954,"NE",-0.583,-0.21,0,1,0
"R",0,0,NA,NA,NA,NA,27868,5400,NA,NA,30770,0,"NY","T000478",1,1961,"NE",0.456,0.032,1,0,0
"R",0,0,NA,NA,NA,NA,NA,NA,NA,NA,NA,NA,"NC","B001305",NA,NA,"SO",NA,NA,1,0,0
"D",0,1,NA,NA,13300,5400,2175,0,3500,0,3000,0,"PA","E000296",2,1954,"NE",-0.47,-0.135,0,1,0
"R",0,1,NA,NA,NA,NA,39553,5287,33350,0,24860,0,"PA","F000466",1,1973,"NE",0.142,-0.122,0,1,0
"R",0,0,NA,NA,NA,NA,41608,5287,24000,0,500,0,"PA","S001199",1,1964,"NE",0.45,0.112,1,0,0
"R",0,0,NA,NA,NA,NA,13100,0,6000,0,5000,0,"SC","N000190",1,1953,"SO",0.848,-0.367,1,0,0
"R",0,0,NA,NA,NA,NA,7700,0,6000,0,1000,0,"TN","K000392",1,1966,"SO",0.535,0.372,1,0,0
"D",1,0,NA,NA,NA,NA,26000,0,18500,0,56700,0,"TX","G000581",1,1967,"SO",-0.388,0.755,1,0,0
"R",0,0,NA,NA,NA,NA,28000,5000,54178,2500,18198,0,"TX","A000375",1,1972,"SO",0.642,0.003,1,0,0
"D",0,NA,NA,NA,NA,NA,6000,2500,19500,250,39800,0,"VA","M001200",1,1961,"SO",-0.381,-0.017,NA,NA,1
"D",0,1,NA,NA,NA,NA,1350,690,0,1000,0,0,"WA","J000298",1,1965,"WE",-0.646,-0.466,0,1,0
"R",0,0,NA,NA,NA,NA,31100,800,28750,0,23000,0,"WI","G000579",1,1984,"MW",0.438,0.004,1,0,0
"R",0,0,NA,NA,NA,NA,19000,0,61100,0,128300,0,"WY","C001109",1,1966,"WE",0.405,0.82,1,0,0
"D",0,NA,NA,NA,NA,NA,26250,9595,14500,0,11750,0,"PA","L000588",1,1984,"NE",-0.143,0.212,NA,NA,1
"R",0,NA,NA,NA,NA,NA,22100,0,16000,2000,31500,1000,"UT","C001114",1,1960,"WE",0.448,0.156,NA,NA,1
"D",0,NA,NA,NA,NA,NA,NA,NA,8500,0,11000,0,"AZ","S001211",0,1970,"WE",-0.284,0.247,NA,NA,1
"D",0,NA,NA,NA,NA,NA,NA,NA,6550,0,6300,3500,"CA","H001090",0,1986,"WE",-0.352,0.572,NA,NA,1
"D",0,NA,NA,NA,NA,NA,NA,NA,1385,0,4590,400,"CA","P000618",0,1974,"WE",-0.224,-0.278,NA,NA,1
"D",0,NA,NA,NA,NA,NA,NA,NA,8535,3635,8300,8300,"CA","L000593",0,1978,"WE",-0.338,0.156,NA,NA,1
"D",0,NA,NA,NA,NA,NA,NA,NA,1010,0,0,0,"CO","N000191",0,1984,"WE",-0.396,-0.215,NA,NA,1
"D",0,NA,NA,NA,NA,NA,NA,NA,5600,0,7225,0,"CO","C001121",0,1979,"WE",-0.319,0.209,NA,NA,1
"D",0,NA,NA,NA,NA,NA,NA,NA,0,0,0,0,"CT","H001081",0,1973,"NE",-0.316,-0.132,NA,NA,1
"R",1,NA,NA,NA,NA,NA,NA,NA,7000,0,8750,0,"FL","W000823",0,1974,"SO",0.442,-0.117,NA,NA,1
"R",0,NA,NA,NA,NA,NA,NA,NA,3500,0,0,0,"FL","S001214",0,1978,"SO",0.689,-0.284,NA,NA,1
"D",0,NA,NA,NA,NA,NA,NA,NA,3800,0,1183,0,"GA","M001208",0,1960,"SO",-0.322,0.258,NA,NA,1
"D",0,NA,NA,NA,NA,NA,NA,NA,3500,0,1000,0,"HI","C001055",3,1952,"WE",-0.198,-0.083,NA,NA,1
"D",0,NA,NA,NA,NA,NA,NA,NA,1000,0,1000,0,"IL","G000586",0,1956,"MW",-0.43,-0.893,NA,NA,1
"D",0,NA,NA,NA,NA,NA,NA,NA,10600,5750,8800,100,"IL","C001117",0,1971,"MW",-0.652,0.497,NA,NA,1
"D",0,NA,NA,NA,NA,NA,NA,NA,0,0,1050,500,"IL","U000040",0,1986,"MW",-0.58,0.449,NA,NA,1
"R",0,NA,NA,NA,NA,NA,NA,NA,2000,0,0,0,"IN","B001307",0,1945,"MW",0.449,0.61,NA,NA,1
"R",0,NA,NA,NA,NA,NA,NA,NA,22850,0,6052,0,"IN","P000615",0,1956,"MW",0.506,0.151,NA,NA,1
"D",0,NA,NA,NA,NA,NA,NA,NA,8600,1000,10860,2500,"IA","A000378",0,1965,"MW",-0.25,0.528,NA,NA,1
"D",0,NA,NA,NA,NA,NA,NA,NA,3250,1000,1250,0,"KS","D000629",0,1980,"MW",-0.269,0.267,NA,NA,1
"D",0,NA,NA,NA,NA,NA,NA,NA,1250,0,7708,150,"ME","G000592",0,1982,"NE",-0.11,0.374,NA,NA,1
"D",0,NA,NA,NA,NA,NA,NA,NA,1250,0,4250,500,"MA","T000482",0,1973,"NE",-0.421,-0.174,NA,NA,1
"D",0,NA,NA,NA,NA,NA,NA,NA,800,0,0,0,"MA","P000617",0,1974,"NE",-0.349,-0.937,NA,NA,1
"D",0,NA,NA,NA,NA,NA,NA,NA,9900,0,6000,500,"MI","S001208",0,1976,"MW",-0.321,0.738,NA,NA,1
"D",0,NA,NA,NA,NA,NA,NA,NA,3500,0,9120,0,"MI","L000592",0,1960,"MW",-0.474,-0.563,NA,NA,1
"D",0,NA,NA,NA,NA,NA,NA,NA,14900,250,21050,250,"MI","S001215",0,1983,"MW",-0.378,0.284,NA,NA,1
"D",0,NA,NA,NA,NA,NA,NA,NA,5800,0,4500,0,"MI","T000481",0,1976,"MW",-0.291,-0.957,NA,NA,1
"R",0,NA,NA,NA,NA,NA,NA,NA,20488,0,3133,0,"MN","H001088",0,1962,"MW",0.477,0.345,NA,NA,1
"D",0,NA,NA,NA,NA,NA,NA,NA,6500,0,4500,89,"MN","C001119",0,1972,"MW",-0.27,0.645,NA,NA,1
"D",0,NA,NA,NA,NA,NA,NA,NA,0,250,250,0,"MN","P000616",0,1969,"MW",-0.28,0.181,NA,NA,1
"D",0,NA,NA,NA,NA,NA,NA,NA,3512,0,0,0,"MN","O000173",0,1981,"MW",-0.298,-0.955,NA,NA,1
"R",0,NA,NA,NA,NA,NA,NA,NA,24788,0,44329,0,"MN","S001212",0,1966,"MW",0.383,-0.112,NA,NA,1
"R",0,NA,NA,NA,NA,NA,NA,NA,19300,0,0,0,"MS","G000591",0,1970,"SO",0.528,0.1,NA,NA,1
"D",0,NA,NA,NA,NA,NA,NA,NA,7375,250,21175,250,"NV","L000590",0,1966,"WE",-0.235,0.31,NA,NA,1
"D",0,NA,NA,NA,NA,NA,NA,NA,0,0,750,0,"NH","P000614",0,1980,"NE",-0.237,0.343,NA,NA,1
"R",0,NA,NA,NA,NA,NA,NA,NA,9000,0,NA,NA,"NJ","V000133",0,1953,"NE",-0.147,0.644,NA,NA,1
"D",0,NA,NA,NA,NA,NA,NA,NA,1000,250,8700,250,"NJ","K000394",0,1982,"NE",-0.357,0.288,NA,NA,1
"D",0,NA,NA,NA,NA,NA,NA,NA,11650,1000,18000,0,"NJ","M001203",0,1965,"NE",-0.272,0.121,NA,NA,1
"D",0,NA,NA,NA,NA,NA,NA,NA,5000,0,21450,0,"NJ","S001207",0,1972,"NE",-0.225,0.263,NA,NA,1
"D",0,NA,NA,NA,NA,NA,NA,NA,642,0,2622,0,"NY","O000172",0,1989,"NE",-0.299,-0.954,NA,NA,1
"D",0,NA,NA,NA,NA,NA,NA,NA,2000,0,150,2900,"NY","D000630",0,1977,"NE",-0.233,0.277,NA,NA,1
"D",0,NA,NA,NA,NA,NA,3700,500,4500,0,8500,0,"NY","M001206",1,1957,"NE",-0.329,0.157,NA,NA,1
"R",0,NA,NA,NA,NA,NA,NA,NA,41300,0,44000,0,"ND","A000377",0,1976,"MW",0.449,0.101,NA,NA,1
"R",0,NA,NA,NA,NA,NA,59750,5450,39188,0,23133,0,"OH","B001306",1,1962,"MW",0.455,0.214,NA,NA,1
"R",0,NA,NA,NA,NA,NA,NA,NA,29410,0,20300,0,"OH","G000588",0,1984,"MW",0.24,0.315,NA,NA,1
"D",0,NA,NA,NA,NA,NA,NA,NA,2000,0,1000,0,"PA","D000631",0,1959,"NE",-0.453,-0.031,NA,NA,1
"D",0,NA,NA,NA,NA,NA,2700,500,0,0,1350,0,"PA","S001205",1,1959,"NE",-0.475,-0.082,NA,NA,1
"D",0,NA,NA,NA,NA,NA,NA,NA,2900,0,6900,0,"PA","H001085",0,1967,"NE",-0.275,0.322,NA,NA,1
"D",0,NA,NA,NA,NA,NA,1750,0,0,0,0,0,"PA","W000826",1,1957,"NE",-0.262,0.324,NA,NA,1
"R",0,NA,NA,NA,NA,NA,NA,NA,4000,0,14510,0,"PA","M001204",0,1964,"NE",0.494,0.248,NA,NA,1
"R",0,NA,NA,NA,NA,NA,NA,NA,23950,0,1750,0,"PA","K000395",0,1965,"NE",0.498,0.171,NA,NA,1
"R",0,NA,NA,NA,NA,NA,NA,NA,12000,0,500,0,"PA","J000302",0,1957,"NE",0.569,0,NA,NA,1
"R",0,NA,NA,NA,NA,NA,NA,NA,58800,0,1500,0,"PA","R000610",0,1983,"NE",0.437,0.063,NA,NA,1
"R",0,NA,NA,NA,NA,NA,NA,NA,5000,0,13000,0,"SC","T000480",0,1984,"SO",0.604,0.139,NA,NA,1
"R",0,NA,NA,NA,NA,NA,NA,NA,14500,0,26800,0,"SD","J000301",0,1976,"MW",0.462,0.142,NA,NA,1
"R",0,NA,NA,NA,NA,NA,NA,NA,17000,0,10700,0,"TN","B001309",0,1964,"SO",0.664,-0.383,NA,NA,1
"R",0,NA,NA,NA,NA,NA,NA,NA,1500,1000,3500,0,"TN","R000612",0,1965,"SO",0.668,0.105,NA,NA,1
"R",0,NA,NA,NA,NA,NA,NA,NA,10593,0,2000,0,"TN","G000590",0,1964,"SO",0.671,0.015,NA,NA,1
"R",0,NA,NA,NA,NA,NA,NA,NA,105988,2800,127689,250,"TX","C001120",0,1984,"SO",0.431,0.268,NA,NA,1
"R",0,NA,NA,NA,NA,NA,NA,NA,119474,8100,74788,2900,"TX","T000479",0,1972,"SO",0.581,-0.223,NA,NA,1
"R",0,NA,NA,NA,NA,NA,NA,NA,33100,0,14300,0,"TX","G000589",0,1982,"SO",0.746,-0.066,NA,NA,1
"D",0,NA,NA,NA,NA,NA,NA,NA,52650,250,101175,0,"TX","F000468",0,1975,"SO",-0.454,0.891,NA,NA,1
"D",0,NA,NA,NA,NA,NA,NA,NA,1000,0,2000,0,"TX","E000299",0,1969,"SO",-0.466,-0.316,NA,NA,1
"R",0,NA,NA,NA,NA,NA,NA,NA,67588,0,70410,0,"TX","R000614",0,1972,"SO",0.8,-0.6,NA,NA,1
"D",0,NA,NA,NA,NA,NA,NA,NA,16500,0,7000,0,"TX","G000587",0,1950,"SO",-0.797,0.454,NA,NA,1
"D",0,NA,NA,NA,NA,NA,NA,NA,19735,0,28750,0,"TX","A000376",0,1983,"SO",-0.43,0.708,NA,NA,1
"D",0,NA,NA,NA,NA,NA,NA,NA,2800,5600,7300,0,"VA","L000591",0,1975,"SO",-0.206,0.426,NA,NA,1
"R",0,NA,NA,NA,NA,NA,NA,NA,9600,0,9300,0,"VA","C001118",0,1972,"SO",0.72,-0.202,NA,NA,1
"D",0,NA,NA,NA,NA,NA,NA,NA,8860,0,6950,2900,"VA","S001209",0,1979,"SO",-0.188,0.338,NA,NA,1
"D",0,NA,NA,NA,NA,NA,NA,NA,2800,0,2900,0,"VA","W000825",0,1968,"SO",-0.369,0.313,NA,NA,1
"D",0,NA,NA,NA,NA,NA,NA,NA,3100,1000,900,2900,"WA","S001216",0,1968,"WE",-0.288,0.449,NA,NA,1
"R",0,NA,NA,NA,NA,NA,NA,NA,35000,0,2500,0,"WV","M001205",0,1950,"SO",0.517,0.108,NA,NA,1
"R",0,NA,NA,NA,NA,NA,NA,NA,23143,0,10500,0,"WI","S001213",0,1981,"MW",0.414,0.068,NA,NA,1
"R",0,0,15000,0,9750,0,30600,0,5500,0,NA,NA,"AL","R000591",4,1976,"SO",0.362,0.658,1,0,0
"R",0,NA,21000,750,NA,NA,NA,NA,NA,NA,NA,NA,"AZ","S000018",5,1958,"WE",0.673,-0.272,NA,NA,1
"R",0,0,6100,0,7250,0,NA,NA,NA,NA,NA,NA,"AZ","F000448",8,1957,"WE",0.749,0.087,1,0,0
"R",0,0,8800,500,18400,0,17500,2700,9500,2800,NA,NA,"CA","C001094",3,1943,"WE",0.372,0.208,1,0,0
"R",0,0,25950,0,100099,2500,125226,10687,NA,NA,NA,NA,"CA","D000612",4,1967,"WE",0.306,0.212,1,0,0
"D",0,NA,8550,1300,9700,110,NA,NA,NA,NA,NA,NA,"CA","H001034",8,1941,"WE",-0.529,-0.482,NA,NA,1
"D",0,NA,8100,1000,0,0,NA,NA,NA,NA,NA,NA,"CA","F000030",12,1941,"WE",-0.455,-0.219,NA,NA,1
"R",0,0,NA,NA,NA,NA,NA,NA,NA,NA,NA,NA,"CA",NA,NA,NA,"WE",NA,NA,1,0,0
"D",0,NA,5500,0,0,0,NA,NA,NA,NA,NA,NA,"CA","C001036",10,1938,"WE",-0.389,-0.227,NA,NA,1
"D",0,NA,7000,1000,2500,0,0,0,NA,NA,NA,NA,"CA","B000287",13,1958,"WE",-0.512,-0.283,NA,NA,1
"R",0,0,17500,0,23000,1000,1500,0,NA,NA,NA,NA,"CA","R000487",13,1951,"WE",0.657,-0.353,1,0,0
"D",0,NA,3500,0,0,0,NA,NA,NA,NA,NA,NA,"CA","H001063",3,1952,"WE",-0.39,-0.376,NA,NA,1
"D",0,NA,8900,0,9450,100,NA,NA,NA,NA,NA,NA,"CA","S000030",10,1960,"WE",-0.367,0.025,NA,NA,1
"R",0,0,8200,1000,1000,0,16000,500,NA,NA,NA,NA,"CA","R000409",15,1947,"WE",0.626,-0.417,1,0,0
"R",0,0,8100,0,26500,0,1000,0,1500,0,NA,NA,"CA","H001048",5,1976,"WE",0.539,0.085,1,0,0
"D",0,1,2600,0,2500,0,2000,0,0,0,NA,NA,"CA","D000598",9,1944,"WE",-0.343,-0.103,0,1,0
"D",0,1,0,0,350,0,0,0,NA,NA,NA,NA,"CO","P000598",5,1975,"WE",-0.278,-0.692,0,1,0
"R",0,0,68000,0,62850,0,29200,2800,19288,0,NA,NA,"CO","T000470",4,1956,"WE",0.451,-0.023,1,0,0
"R",1,0,99050,250,68911,500,58300,2000,NA,NA,NA,NA,"CO","C001077",5,1955,"WE",0.492,-0.213,1,0,0
"D",0,1,3000,2600,9125,0,3725,0,NA,NA,NA,NA,"CT","E000293",3,1959,"NE",-0.315,-0.078,0,1,0
"D",0,NA,5000,0,0,0,NA,NA,NA,NA,NA,NA,"DE","C001083",3,1956,"SO",-0.256,-0.142,NA,NA,1
"R",0,NA,9000,0,NA,NA,NA,NA,NA,NA,NA,NA,"FL","M001144",8,1959,"SO",0.633,0.155,NA,NA,1
"R",0,0,3000,0,9900,0,3000,0,1500,0,NA,NA,"FL","Y000065",3,1955,"SO",0.704,-0.365,1,0,0
"R",0,NA,2500,0,5000,0,NA,NA,NA,NA,NA,NA,"FL","C001045",8,1944,"SO",0.333,0.337,NA,NA,1
"D",0,NA,0,0,NA,NA,NA,NA,NA,NA,NA,NA,"FL","B000911",12,1946,"SO",-0.429,0.192,NA,NA,1
"R",0,0,10000,0,43125,0,2700,0,NA,NA,NA,NA,"FL","D000621",3,1978,"SO",0.663,-0.105,1,0,0
"R",0,NA,23500,0,5800,0,NA,NA,NA,NA,NA,NA,"FL","M000689",12,1943,"SO",0.453,0.137,NA,NA,1
"D",0,NA,0,250,1231,100,NA,NA,NA,NA,NA,NA,"FL","G000556",3,1958,"SO",-0.363,-0.457,NA,NA,1
"R",0,NA,13750,0,0,0,NA,NA,NA,NA,NA,NA,"FL","N000185",3,1951,"SO",0.483,0.077,NA,NA,1
"R",0,NA,8500,0,9000,0,2000,0,NA,NA,NA,NA,"FL","R000593",4,1959,"SO",0.531,0.099,NA,NA,1
"R",0,0,5500,0,13000,0,NA,NA,NA,NA,NA,NA,"FL","R000583",5,1970,"SO",0.458,0.013,1,0,0
"D",0,NA,12400,0,3050,13075,NA,NA,NA,NA,NA,NA,"FL","M001191",2,1983,"SO",-0.186,-0.026,NA,NA,1
"R",1,NA,0,0,1500,0,0,0,NA,NA,NA,NA,"FL","R000435",15,1952,"SO",0.244,-0.225,NA,NA,1
"R",0,NA,4500,0,0,0,NA,NA,NA,NA,NA,NA,"GA","W000796",6,1950,"SO",0.672,0.189,NA,NA,1
"D",0,1,2750,0,2500,0,5604,200,4670,0,NA,NA,"GA","L000287",16,1940,"SO",-0.589,-0.221,0,1,0
"R",0,NA,23500,0,14500,0,0,0,NA,NA,NA,NA,"GA","P000591",7,1954,"SO",0.644,-0.073,NA,NA,1
"R",0,0,4500,0,18000,0,14500,0,3000,0,NA,NA,"GA","W000810",4,1970,"SO",0.593,-0.173,1,0,0
"R",0,0,12000,0,27450,0,9000,0,11000,0,NA,NA,"GA","C001093",3,1966,"SO",0.61,0.134,1,0,0
"R",0,0,8500,0,13750,0,22700,0,23250,0,NA,NA,"GA","G000560",5,1970,"SO",0.716,-0.002,1,0,0
"D",0,1,21050,2500,250,0,0,0,NA,NA,NA,NA,"HI","H001050",4,1951,"WE",-0.37,0.004,0,1,0
"D",0,1,5300,5100,1250,3000,5051,650,10134,500,NA,NA,"HI","G000571",3,1981,"WE",-0.274,-0.282,0,1,0
"R",0,0,2500,0,11200,0,0,0,NA,NA,NA,NA,"ID","L000573",4,1967,"WE",0.735,-0.571,1,0,0
"D",0,1,5000,0,3000,0,19900,1000,23500,0,NA,NA,"IL","L000563",7,1966,"MW",-0.227,0.176,0,1,0
"D",0,1,0,0,5400,0,0,0,NA,NA,NA,NA,"IL","G000535",13,1953,"MW",-0.487,-0.26,0,1,0
"R",1,0,43300,0,20850,0,38250,3225,NA,NA,NA,NA,"IL","R000580",6,1961,"MW",0.429,0.018,1,0,0
"D",0,NA,NA,NA,NA,NA,NA,NA,NA,NA,NA,NA,"IL",NA,NA,NA,"MW",NA,NA,NA,NA,1
"R",0,0,16000,250,22000,0,24500,0,NA,NA,NA,NA,"IL","H001059",4,1966,"MW",0.49,-0.034,1,0,0
"R",0,0,106500,6000,215482,10600,88500,9750,103500,0,NA,NA,"IL","S000364",11,1958,"MW",0.375,0.154,1,0,0
"D",0,1,8500,500,28000,1500,13500,2000,7500,0,NA,NA,"IN","V000108",16,1949,"MW",-0.402,0.244,0,1,0
"R",0,NA,12850,17600,63755,2000,NA,NA,NA,NA,NA,NA,"IN","S001188",4,1976,"MW",0.742,-0.119,NA,NA,1
"R",0,0,15100,500,16350,0,35700,5200,NA,NA,NA,NA,"IN","R000592",4,1970,"MW",0.602,-0.16,1,0,0
"R",0,0,4000,0,24700,5000,23050,8250,13000,0,NA,NA,"IN","B001284",3,1960,"MW",0.352,0.217,1,0,0
"R",0,0,11100,0,28500,500,18900,500,NA,NA,NA,NA,"IN","M001189",3,1969,"MW",0.563,-0.086,1,0,0
"R",0,NA,NA,NA,NA,NA,NA,NA,NA,NA,NA,NA,"IN",NA,NA,NA,"MW",NA,NA,NA,NA,1
"D",0,1,4750,0,4100,4500,7500,5000,12000,1000,NA,NA,"IA","L000565",6,1952,"MW",-0.276,-0.027,0,1,0
"R",0,0,2000,0,5550,11800,1600,18593,0,0,NA,NA,"IA","K000362",8,1949,"MW",0.613,0.171,1,0,0
"R",0,NA,22550,500,10200,0,NA,NA,NA,NA,NA,NA,"KS","H001057",3,1968,"MW",0.744,-0.466,NA,NA,1
"R",0,0,102500,0,55750,2250,0,0,NA,NA,NA,NA,"KS","J000290",5,1963,"MW",0.523,0.004,1,0,0
"R",0,0,32000,11900,10900,10000,54800,10000,NA,NA,NA,NA,"KS","Y000063",4,1976,"MW",0.558,0.03,1,0,0
"R",0,NA,212050,12400,45750,0,0,0,NA,NA,NA,NA,"KS","P000602",4,1963,"MW",0.66,0.164,NA,NA,1
"R",0,NA,151000,6000,NA,NA,NA,NA,NA,NA,NA,NA,"KY","W000413",11,1943,"SO",0.303,0.182,NA,NA,1
"R",0,NA,65700,0,172737,1500,NA,NA,NA,NA,NA,NA,"LA","B001255",6,1956,"SO",0.392,0.308,NA,NA,1
"R",0,NA,62750,0,39550,500,NA,NA,NA,NA,NA,NA,"LA","F000456",4,1951,"SO",0.59,0.022,NA,NA,1
"D",0,NA,1000,0,460,1225,NA,NA,NA,NA,NA,NA,"MD","E000290",5,1958,"SO",-0.562,-0.294,NA,NA,1
"D",0,1,7500,0,5500,0,2700,1000,NA,NA,NA,NA,"MD","D000620",3,1963,"SO",-0.276,0.041,0,1,0
"D",0,1,38800,0,9000,0,10000,0,4500,0,NA,NA,"MD","C000984",12,1951,"SO",-0.438,-0.148,0,1,0
"D",0,NA,NA,NA,NA,NA,NA,NA,NA,NA,NA,NA,"MD",NA,NA,NA,"SO",NA,NA,NA,NA,1
"D",0,1,0,0,1250,0,0,0,NA,NA,NA,NA,"MA","T000465",6,1946,"NE",-0.396,-0.199,0,1,0
"D",0,1,5450,0,14400,0,11050,5650,6450,0,NA,NA,"MA","K000379",3,1980,"NE",-0.421,-0.206,0,1,0
"D",0,1,0,0,1000,0,21400,5650,NA,NA,NA,NA,"MA","C001037",10,1952,"NE",-0.58,-0.082,0,1,0
"R",0,NA,64700,0,0,0,NA,NA,NA,NA,NA,NA,"MI","B001271",3,1952,"MW",0.491,-0.15,NA,NA,1
"R",0,0,2500,0,7100,0,NA,NA,1250,0,NA,NA,"MI","A000367",4,1980,"MW",0.654,-0.757,1,0,0
"D",0,1,8500,1000,28500,2000,0,0,NA,NA,NA,NA,"MI","L000263",16,1931,"MW",-0.379,-0.091,0,1,0
"R",0,NA,16000,0,0,0,NA,NA,NA,NA,NA,NA,"MI","M001150",7,1954,"MW",0.343,-0.001,NA,NA,1
"D",0,1,6500,0,1000,0,0,0,NA,NA,NA,NA,"MI","C000714",16,1929,"MW",-0.658,-0.512,0,1,0
"D",0,1,9500,2000,16500,2000,0,0,NA,NA,NA,NA,"MN","W000799",6,1964,"MW",-0.275,0.131,0,1,0
"R",0,NA,10000,0,1000,0,NA,NA,NA,NA,NA,NA,"MN","K000363",7,1947,"MW",0.49,0.154,NA,NA,1
"R",0,0,22800,0,36499,333,36300,8100,NA,NA,NA,NA,"MN","P000594",5,1965,"MW",0.402,-0.191,1,0,0
"D",0,1,2050,250,1680,0,890,640,NA,NA,NA,NA,"MN","E000288",6,1963,"MW",-0.537,-0.58,0,1,0
"D",0,0,7000,0,24200,0,18500,7500,12000,0,NA,NA,"MN","P000258",14,1944,"MW",-0.148,0.712,1,0,0
"D",0,1,9750,0,13650,0,1000,0,NA,NA,NA,NA,"MN","N000127",3,1943,"MW",-0.372,-0.372,0,1,0
"R",0,0,84300,0,31400,0,2500,0,NA,NA,NA,NA,"MS","H001045",5,1956,"SO",0.384,0.48,1,0,0
"D",0,1,NA,NA,NA,NA,NA,NA,NA,NA,NA,NA,"MO",NA,NA,NA,"MW",NA,NA,0,1,0
"R",0,NA,12500,0,213703,0,NA,NA,NA,NA,NA,NA,"NV","H001055",3,1961,"WE",0.324,0.014,NA,NA,1
"D",0,1,500,0,NA,NA,0,0,NA,NA,NA,NA,"NH","S001170",4,1952,"NE",-0.315,-0.131,0,1,0
"R",0,0,4000,250,9000,0,NA,NA,NA,NA,NA,NA,"NJ","L000554",12,1946,"NE",0.211,-0.224,1,0,0
"R",0,NA,19000,10400,12100,0,NA,NA,NA,NA,NA,NA,"NJ","G000548",7,1959,"NE",0.688,-0.243,NA,NA,1
"R",1,0,6000,0,17575,0,28250,0,NA,NA,NA,NA,"NJ","L000567",5,1952,"NE",0.329,-0.237,1,0,0
"R",0,0,32480,500,20677,100,20356,0,NA,NA,NA,NA,"NJ","F000372",12,1946,"NE",0.292,-0.262,1,0,0
"D",0,1,9200,0,9500,3000,0,0,NA,NA,NA,NA,"NM","L000580",3,1959,"WE",-0.313,0.047,0,1,0
"R",0,0,92500,0,97406,0,2500,0,NA,NA,NA,NA,"NM","P000588",7,1947,"WE",0.472,0.064,1,0,0
"D",0,1,NA,NA,NA,NA,NA,NA,NA,NA,NA,NA,"NM",NA,NA,NA,"WE",NA,NA,0,1,0
"R",0,0,2000,2000,6000,0,11400,0,10511,0,NA,NA,"NY","K000210",13,1944,"NE",0.259,-0.03,1,0,0
"D",0,NA,8500,8950,2000,0,NA,NA,NA,NA,NA,NA,"NY","I000057",8,1958,"NE",-0.334,-0.051,NA,NA,1
"D",0,NA,3000,0,0,0,NA,NA,NA,NA,NA,NA,"NY","R000053",15,1930,"NE",-0.514,-0.341,NA,NA,1
"D",0,1,23000,9050,33000,35,33500,500,NA,NA,NA,NA,"NY","C001038",10,1962,"NE",-0.412,-0.07,0,1,0
"D",0,1,0,0,0,0,0,0,1000,0,NA,NA,"NY","S000248",15,1943,"NE",-0.491,-0.377,0,1,0
"D",0,1,2000,0,15000,1000,17200,2000,7000,0,NA,NA,"NY","E000179",15,1947,"NE",-0.408,-0.093,0,1,0
"D",0,1,500,0,0,0,6200,0,6700,0,NA,NA,"NY","L000480",15,1937,"NE",-0.389,-0.152,0,1,0
"D",0,1,NA,NA,NA,NA,NA,NA,NA,NA,NA,NA,"NY",NA,NA,NA,"NE",NA,NA,0,1,0
"R",0,NA,NA,NA,NA,NA,NA,NA,NA,NA,NA,NA,"NY",NA,NA,NA,"NE",NA,NA,NA,NA,1
"R",1,NA,3250,0,0,0,NA,NA,NA,NA,NA,NA,"NY","H001051",3,1951,"NE",0.215,-0.145,NA,NA,1
"D",0,1,4500,2500,2000,0,2500,0,NA,NA,NA,NA,"NY","S000480",16,1929,"NE",-0.465,-0.104,0,1,0
"R",0,0,2000,0,33550,1000,18400,855,0,0,NA,NA,"NY","C001092",3,1950,"NE",0.357,0.236,1,0,0
"R",0,NA,11000,0,30500,2000,NA,NA,NA,NA,NA,NA,"NC","E000291",3,1964,"SO",0.406,0.338,NA,NA,1
"R",0,0,27000,1000,12800,0,18700,0,NA,NA,NA,NA,"NC","P000606",3,1948,"SO",0.561,0.333,1,0,0
"R",0,0,2500,0,6500,0,16000,0,3850,0,NA,NA,"NC","M001187",3,1959,"SO",0.605,-0.201,1,0,0
"R",0,0,NA,NA,NA,NA,NA,NA,NA,NA,NA,NA,"NC",NA,NA,NA,"SO",NA,NA,1,0,0
"R",0,0,NA,NA,NA,NA,NA,NA,NA,NA,NA,NA,"ND",NA,NA,NA,"MW",NA,NA,1,0,0
"R",0,NA,53150,0,45800,0,3500,0,NA,NA,NA,NA,"OH","T000462",9,1962,"MW",0.386,-0.026,NA,NA,1
"R",0,0,29750,300,39480,1000,170825,2500,NA,NA,NA,NA,"OH","R000586",4,1958,"MW",0.387,0.143,1,0,0
"R",0,NA,10750,0,18000,0,0,0,NA,NA,NA,NA,"OK","B001283",3,1975,"SO",0.689,-0.157,NA,NA,1
"R",0,0,43250,2000,85850,0,133350,2000,105000,0,NA,NA,"OR","W000791",10,1957,"WE",0.333,-0.011,1,0,0
"D",0,1,0,0,20275,0,0,0,NA,NA,NA,NA,"PA","B001227",11,1945,"NE",-0.484,0.225,0,1,0
"R",1,1,19000,5400,26700,6500,7000,0,NA,NA,NA,NA,"PA","M001181",4,1955,"NE",0.22,0.076,0,1,0
"R",0,NA,25900,3000,0,0,NA,NA,NA,NA,NA,NA,"PA","F000451",4,1963,"NE",0.202,-0.186,NA,NA,1
"R",0,0,106850,1000,127362,0,3000,0,NA,NA,NA,NA,"PA","S001154",9,1961,"NE",0.374,0.323,1,0,0
"R",0,0,NA,NA,NA,NA,NA,NA,NA,NA,NA,NA,"PA",NA,NA,NA,"NE",NA,NA,1,0,0
"R",0,0,13050,0,27000,0,86525,900,NA,NA,NA,NA,"PA","B001269",4,1956,"NE",0.278,0.393,1,0,0
"R",0,0,81850,0,45450,0,77200,1250,NA,NA,NA,NA,"PA","R000598",3,1962,"NE",0.498,0.044,1,0,0
"R",0,0,56919,0,21500,0,0,0,NA,NA,NA,NA,"PA","D000604",7,1960,"NE",0.244,-0.085,1,0,0
"R",0,NA,34000,0,0,0,NA,NA,NA,NA,NA,NA,"PA","P000373",10,1939,"NE",0.538,0.012,NA,NA,1
"R",0,0,74250,0,53250,1000,0,0,NA,NA,NA,NA,"PA","M001151",8,1952,"NE",0.258,0.198,1,0,0
"R",1,1,12600,0,2000,0,5000,4200,NA,NA,NA,NA,"SC","S000051",6,1960,"SO",0.686,-0.728,0,1,0
"R",0,0,9500,0,15200,0,3750,0,NA,NA,NA,NA,"SC","G000566",4,1964,"SO",0.655,-0.002,1,0,0
"R",0,NA,15500,0,11500,0,0,0,NA,NA,NA,NA,"SC","M001182",4,1967,"SO",0.75,-0.592,NA,NA,1
"R",0,0,48650,6700,37950,1000,3500,0,NA,NA,NA,NA,"SD","N000184",4,1971,"MW",0.398,0.326,1,0,0
"R",0,0,4500,0,500,0,3700,0,500,0,NA,NA,"TN","R000582",5,1945,"SO",0.486,0.024,1,0,0
"R",0,0,6500,0,4000,2000,0,0,NA,NA,NA,NA,"TN","D000533",16,1947,"SO",0.604,-0.476,1,0,0
"R",0,0,27625,0,23000,0,NA,NA,NA,NA,NA,NA,"TN","B001273",4,1951,"SO",0.58,0.219,1,0,0
"R",0,0,NA,NA,NA,NA,NA,NA,NA,NA,NA,NA,"TN",NA,NA,NA,"SO",NA,NA,1,0,0
"R",0,NA,13000,0,0,0,NA,NA,NA,NA,NA,NA,"TN","F000458",3,1973,"SO",0.526,0.181,NA,NA,1
"R",0,NA,44250,0,34050,0,NA,NA,NA,NA,NA,NA,"TX","P000592",7,1948,"SO",0.594,-0.029,NA,NA,1
"R",0,0,18000,0,7000,1000,0,0,NA,NA,NA,NA,"TX","J000174",14,1930,"SO",0.61,0.277,1,0,0
"R",0,0,22100,0,25650,0,0,0,NA,NA,NA,NA,"TX","H001036",8,1957,"SO",0.703,0.04,1,0,0
"R",0,0,84500,0,63650,0,NA,NA,NA,NA,NA,NA,"TX","B000213",16,1949,"SO",0.528,0.047,1,0,0
"R",0,0,36600,1000,60450,500,117127,4700,NA,NA,NA,NA,"TX","C001048",9,1956,"SO",0.503,0.366,1,0,0
"R",0,0,NA,NA,NA,NA,NA,NA,NA,NA,NA,NA,"TX",NA,NA,NA,"SO",NA,NA,1,0,0
"R",0,0,36875,1250,40825,8000,22475,300,43075,0,NA,NA,"TX","T000238",12,1958,"SO",0.525,0.313,1,0,0
"D",0,NA,2000,0,0,0,NA,NA,NA,NA,NA,NA,"TX","H000636",10,1940,"SO",-0.34,0.235,NA,NA,1
"D",0,1,15500,0,0,0,142414,27909,NA,NA,NA,NA,"TX","O000170",3,1972,"SO",-0.304,-0.331,0,1,0
"R",0,0,95050,10400,69650,0,64800,0,57000,250,NA,NA,"TX","F000461",4,1954,"SO",0.572,0.293,1,0,0
"R",0,NA,21500,0,0,0,NA,NA,NA,NA,NA,NA,"TX","N000182",7,1949,"SO",0.628,0.322,NA,NA,1
"R",0,0,50550,0,34300,0,NA,NA,NA,NA,NA,NA,"TX","S000583",16,1947,"SO",0.425,0.061,1,0,0
"R",0,0,124200,0,137800,0,69478,0,85188,0,NA,NA,"TX","O000168",5,1962,"SO",0.548,0.308,1,0,0
"R",0,0,48715,0,47200,0,28000,0,18761,0,NA,NA,"TX","M001158",7,1951,"SO",0.6,0.154,1,0,0
"R",0,0,32100,0,26550,0,0,0,NA,NA,NA,NA,"TX","F000460",4,1961,"SO",0.548,0.016,1,0,0
"D",1,1,46500,0,96450,2500,0,0,NA,NA,NA,NA,"TX","G000410",13,1947,"SO",-0.324,0.453,0,1,0
"R",0,0,23300,250,45666,0,24100,0,NA,NA,NA,NA,"UT","B001250",8,1951,"WE",0.537,0.105,1,0,0
"R",0,NA,13250,0,16500,0,0,0,NA,NA,NA,NA,"UT","C001076",5,1967,"WE",0.647,-0.278,NA,NA,1
"R",0,NA,NA,NA,NA,NA,NA,NA,NA,NA,NA,NA,"VA",NA,NA,NA,"SO",NA,NA,NA,NA,1
"R",0,NA,NA,NA,NA,NA,NA,NA,NA,NA,NA,NA,"VA",NA,NA,NA,"SO",NA,NA,NA,NA,1
"R",0,0,24000,0,32950,0,0,0,NA,NA,NA,NA,"VA","G000289",13,1952,"SO",0.496,-0.002,1,0,0
"D",0,NA,1250,0,0,0,NA,NA,NA,NA,NA,NA,"WA","M000404",14,1936,"WE",-0.666,-0.197,NA,NA,1
"R",1,1,5750,1000,10000,6500,0,0,NA,NA,NA,NA,"WA","R000578",7,1950,"WE",0.224,-0.146,0,1,0
"D",0,1,3500,0,3000,0,6500,250,1000,0,NA,NA,"WA","H001064",3,1952,"WE",-0.312,-0.128,0,1,0
"R",0,0,NA,NA,NA,NA,NA,NA,NA,NA,NA,NA,"WI",NA,NA,NA,"MW",NA,NA,1,0,0
"R",0,0,23000,0,18850,0,22700,0,13300,0,NA,NA,"WI","D000614",4,1971,"MW",0.511,-0.109,1,0,0
"R",0,NA,20800,0,NA,NA,NA,NA,NA,NA,NA,NA,"WI","R000587",3,1956,"MW",0.603,-0.333,NA,NA,1
"R",0,0,4500,2600,17500,0,10000,0,39700,8000,NA,NA,"AL","B001289",3,1955,"SO",0.61,0.25,1,0,0
"R",0,0,NA,NA,NA,NA,NA,NA,NA,NA,NA,NA,"AZ",NA,NA,NA,"WE",NA,NA,1,0,0
"R",1,1,NA,NA,28800,0,44946,5287,NA,NA,NA,NA,"CA","K000387",2,1966,"WE",0.397,0.188,0,1,0
"R",0,0,NA,NA,24500,2000,46500,0,NA,NA,NA,NA,"CA","W000820",2,1962,"WE",0.433,0.177,1,0,0
"R",0,NA,NA,NA,44500,2750,32500,1000,NA,NA,NA,NA,"FL","C001107",2,1980,"SO",0.211,-0.185,NA,NA,1
"R",0,0,NA,NA,12300,1500,39523,8037,NA,NA,NA,NA,"IA","B001294",2,1955,"MW",0.527,-0.488,1,0,0
"R",0,0,NA,NA,21900,7000,38467,20787,NA,NA,NA,NA,"IA","Y000066",2,1968,"MW",0.442,-0.038,1,0,0
"R",0,0,NA,NA,12000,0,10700,0,0,0,NA,NA,"LA","A000374",2,1954,"SO",0.541,0.257,1,0,0
"R",0,0,NA,NA,27250,2650,24500,3043,NA,NA,NA,NA,"ME","P000611",2,1953,"NE",0.36,-0.182,1,0,0
"R",0,0,NA,NA,23200,3504,58709,5537,NA,NA,NA,NA,"MI","B001293",2,1967,"MW",0.451,0.095,1,0,0
"R",0,0,NA,NA,8500,0,0,0,NA,NA,NA,NA,"MI","T000475",2,1960,"MW",0.369,0.257,1,0,0
"R",0,0,NA,NA,28100,0,16928,0,NA,NA,NA,NA,"NJ","M001193",2,1960,"NE",0.206,0.274,1,0,0
"R",0,0,NA,NA,9000,0,39700,2000,NA,NA,NA,NA,"NY","D000625",2,1956,"NE",0.227,0.095,1,0,0
"R",0,0,NA,NA,NA,NA,NA,NA,NA,NA,NA,NA,"NC",NA,NA,NA,"SO",NA,NA,1,0,0
"R",0,0,NA,NA,45750,0,41650,0,NA,NA,NA,NA,"OK","R000604",2,1963,"SO",0.473,-0.183,1,0,0
"R",1,1,NA,NA,36200,7000,14000,1000,NA,NA,NA,NA,"PA","C001106",2,1976,"NE",0.217,-0.055,0,1,0
"R",0,0,NA,NA,23500,0,10500,0,5000,0,NA,NA,"TX","R000601",2,1965,"SO",0.693,0.113,1,0,0
"R",0,0,NA,NA,130656,3033,151550,4950,119847,250,NA,NA,"TX","H001073",2,1977,"SO",0.287,0.228,1,0,0
"R",0,0,NA,NA,24465,0,29311,1095,NA,NA,NA,NA,"UT","L000584",2,1975,"WE",0.542,-0.056,1,0,0
"R",0,0,0,0,9875,1250,12500,2000,NA,NA,NA,NA,"VA","B001290",3,1964,"SO",0.829,-0.325,1,0,0
"R",0,0,NA,NA,36500,250,46050,0,NA,NA,NA,NA,"VA","C001105",2,1959,"SO",0.276,0.389,1,0,0
"R",0,0,NA,NA,27500,0,61150,2000,NA,NA,NA,NA,"WV","J000297",2,1960,"SO",0.315,0.308,1,0,0
"R",0,NA,NA,NA,NA,NA,1000,0,0,0,NA,NA,"FL","R000607",1,1953,"SO",0.501,-0.494,NA,NA,1
"R",0,0,NA,NA,NA,NA,40325,0,NA,NA,NA,NA,"GA","H001078",1,1962,"SO",0.493,0.305,1,0,0
"R",0,0,NA,NA,NA,NA,NA,NA,NA,NA,NA,NA,"KS",NA,NA,NA,"MW",NA,NA,1,0,0
"R",0,0,NA,NA,NA,NA,15500,0,14000,0,NA,NA,"MI","M001201",1,1961,"MW",0.422,0.311,1,0,0
"R",0,0,NA,NA,NA,NA,38230,5287,NA,NA,NA,NA,"MN","L000587",1,1955,"MW",0.506,-0.197,1,0,0
"R",0,0,NA,NA,NA,NA,77918,5900,36711,0,NA,NA,"MT","G000584",1,1961,"WE",0.431,0.085,1,0,0
"D",0,1,NA,NA,NA,NA,NA,NA,NA,NA,NA,NA,"NV",NA,NA,NA,"WE",NA,NA,0,1,0
"D",0,1,NA,NA,NA,NA,0,0,NA,NA,NA,NA,"NV","K000390",1,1980,"WE",-0.397,0.226,0,1,0
"R",0,1,NA,NA,NA,NA,44117,7287,NA,NA,NA,NA,"NY","F000464",1,1952,"NE",0.234,-0.008,0,1,0
"R",0,0,NA,NA,NA,NA,62359,5287,NA,NA,NA,NA,"VA","T000477",1,1979,"SO",0.456,0.021,1,0,0
